date,open,high,low,close,adjClose,volume
2026-07-22,2.7000,2.7400,2.6750,2.6850,2.6850,"1,381,800"
2026-07-21,2.6900,2.7250,2.6550,2.7000,2.7000,"830,000"
2026-07-20,2.6800,2.7100,2.6050,2.7100,2.7100,"1,317,000"
2026-07-17,2.6500,2.7100,2.6350,2.6600,2.6600,"1,129,900"
2026-07-16,2.6000,2.7050,2.5950,2.6700,2.6700,"1,425,000"
2026-07-15,2.5100,2.6650,2.5100,2.5900,2.5900,"1,814,900"
2026-07-14,2.6000,2.6200,2.5100,2.5100,2.5100,"1,211,500"
2026-07-13,2.5500,2.6800,2.5450,2.5700,2.5700,"2,299,600"
2026-07-10,2.5400,2.6000,2.5300,2.5600,2.5600,"1,449,400"
2026-07-09,2.5800,2.6000,2.5100,2.5500,2.5500,"1,701,300"
2026-07-08,2.5200,2.6200,2.5000,2.5900,2.5900,"1,687,000"
2026-07-07,2.5900,2.6000,2.5050,2.5300,2.5300,"1,487,400"
2026-07-06,2.6400,2.6700,2.5700,2.5800,2.5800,"1,241,200"
2026-07-02,2.7200,2.7550,2.6100,2.6200,2.6200,"1,113,200"
2026-07-01,2.7500,2.8000,2.6900,2.7200,2.7200,"1,136,300"
2026-06-30,2.7600,2.7600,2.6800,2.7200,2.7200,"1,072,800"
2026-06-29,2.7100,2.7500,2.6600,2.7500,2.7500,"1,677,700"
2026-06-26,2.5900,2.7300,2.5800,2.7100,2.7100,"5,099,500"
2026-06-25,2.6100,2.6750,2.5600,2.5700,2.5700,"1,983,200"
2026-06-24,2.5200,2.6300,2.5200,2.5900,2.5900,"2,426,400"
2026-06-23,2.4800,2.5500,2.4600,2.5200,2.5200,"2,208,700"
2026-06-22,2.5800,2.6300,2.4600,2.4900,2.4900,"2,623,400"
2026-06-18,2.6400,2.6950,2.6000,2.6200,2.6200,"2,595,600"
2026-06-17,2.7900,2.8290,2.6200,2.6300,2.6300,"1,493,700"
2026-06-16,2.7800,2.8800,2.7800,2.7800,2.7800,"1,398,900"
2026-06-15,2.7500,2.8300,2.7250,2.7900,2.7900,"1,779,500"
2026-06-12,2.8300,2.8650,2.7200,2.7500,2.7500,"1,466,100"
2026-06-11,2.8000,2.8800,2.7850,2.8300,2.8300,"1,714,800"
2026-06-10,2.7200,3.0000,2.6800,2.8300,2.8300,"2,700,700"
2026-06-09,2.7200,2.8300,2.6400,2.7200,2.7200,"1,751,700"
2026-06-08,2.8200,2.8700,2.6900,2.7100,2.7100,"3,023,700"
2026-06-05,2.8500,2.9200,2.7450,2.8300,2.8300,"2,759,900"
2026-06-04,2.7200,2.9700,2.4810,2.8650,2.8650,"10,670,900"
2026-06-03,2.9700,3.0850,2.8600,3.0500,3.0500,"6,153,600"
2026-06-02,3.0600,3.1100,2.9200,2.9600,2.9600,"2,333,500"
2026-06-01,3.0100,3.0900,2.9400,3.0600,3.0600,"1,627,400"
2026-05-29,3.0350,3.0750,2.9600,3.0100,3.0100,"1,676,600"
2026-05-28,2.9400,3.0400,2.8820,3.0200,3.0200,"1,577,800"
2026-05-27,2.7600,2.9400,2.7600,2.9300,2.9300,"1,643,700"
2026-05-26,2.6900,2.7950,2.6800,2.7600,2.7600,"1,400,700"
2026-05-22,2.6400,2.7150,2.5500,2.6500,2.6500,"2,107,000"
2026-05-21,2.4800,2.6700,2.4700,2.6500,2.6500,"1,812,700"
2026-05-20,2.4600,2.5300,2.4600,2.5100,2.5100,"1,157,300"
2026-05-19,2.5300,2.5900,2.4700,2.4700,2.4700,"1,769,500"
2026-05-18,2.5000,2.6300,2.4900,2.5500,2.5500,"1,382,000"
2026-05-15,2.5800,2.5800,2.4500,2.5000,2.5000,"2,167,800"
2026-05-14,2.5600,2.6600,2.5200,2.5900,2.5900,"1,691,300"
2026-05-13,2.5000,2.5900,2.4600,2.5600,2.5600,"2,080,200"
2026-05-12,2.5700,2.5700,2.4800,2.5300,2.5300,"1,766,300"
2026-05-11,2.7900,2.8100,2.5250,2.5350,2.5350,"2,835,300"
2026-05-08,2.7500,2.8250,2.7300,2.8100,2.8100,"962,000"
2026-05-07,2.7800,2.8200,2.7200,2.7500,2.7500,"1,090,900"
2026-05-06,2.8000,2.8300,2.7300,2.7400,2.7400,"1,282,100"
2026-05-05,2.8000,2.8100,2.7050,2.7300,2.7300,"1,394,400"
2026-05-04,2.8800,2.8900,2.7700,2.7800,2.7800,"1,176,000"
2026-05-01,2.8400,2.8800,2.7100,2.8800,2.8800,"2,519,500"
2026-04-30,2.8200,2.8650,2.7400,2.8400,2.8400,"1,761,100"
2026-04-29,2.9100,2.9100,2.7900,2.8000,2.8000,"983,200"
2026-04-28,2.9700,2.9850,2.9150,2.9200,2.9200,"1,003,300"
2026-04-27,2.9500,3.0000,2.9300,2.9600,2.9600,"823,400"
2026-04-24,2.9700,2.9700,2.9100,2.9400,2.9400,"733,100"
2026-04-23,3.0100,3.0800,2.9450,2.9900,2.9900,"1,670,200"
2026-04-22,2.9700,3.0350,2.9650,3.0100,3.0100,"895,500"
2026-04-21,3.0400,3.1000,2.9700,2.9800,2.9800,"1,166,400"
2026-04-20,3.0300,3.0410,2.9800,3.0300,3.0300,"981,300"
2026-04-17,3.0900,3.1750,3.0100,3.0300,3.0300,"1,555,400"
2026-04-16,2.9200,3.0550,2.9000,3.0400,3.0400,"2,228,200"
2026-04-15,2.7900,2.9100,2.7900,2.9000,2.9000,"1,533,600"
2026-04-14,2.8300,2.9300,2.8000,2.8000,2.8000,"1,616,000"
2026-04-13,2.7300,2.8450,2.6800,2.8300,2.8300,"1,677,700"
2026-04-10,2.8600,2.9390,2.7500,2.7900,2.7900,"1,390,300"
2026-04-09,2.7800,2.8700,2.7600,2.8400,2.8400,"1,674,400"
2026-04-08,2.8200,2.8900,2.7700,2.8100,2.8100,"2,635,900"
2026-04-07,2.6750,2.7100,2.6300,2.6800,2.6800,"1,273,300"
2026-04-06,2.6600,2.7000,2.6400,2.6900,2.6900,"1,617,800"
2026-04-02,2.6800,2.7300,2.6400,2.6800,2.6800,"1,262,500"
2026-04-01,2.7900,2.8350,2.7300,2.7300,2.7300,"1,864,000"
2026-03-31,2.7100,2.8000,2.6500,2.7800,2.7800,"2,869,000"
2026-03-30,2.6700,2.7200,2.6150,2.6800,2.6800,"1,644,000"
2026-03-27,2.7200,2.7480,2.6700,2.7000,2.7000,"1,880,900"
2026-03-26,2.7800,2.8300,2.7300,2.7500,2.7500,"1,543,800"
2026-03-25,2.8400,2.8800,2.7550,2.8100,2.8100,"1,800,500"
2026-03-24,2.8800,2.8900,2.7700,2.7900,2.7900,"2,395,300"
2026-03-23,2.9550,3.0000,2.8800,2.8900,2.8900,"2,379,600"
2026-03-20,3.1200,3.1700,2.9150,2.9200,2.9200,"5,942,200"
2026-03-19,3.2200,3.2500,3.0650,3.1200,3.1200,"3,236,300"
2026-03-18,3.4000,3.4400,3.2150,3.2300,3.2300,"3,312,600"
2026-03-17,3.3200,3.5500,3.3200,3.3800,3.3800,"3,068,700"
2026-03-16,3.6200,3.6300,3.3400,3.3900,3.3900,"6,035,400"
2026-03-13,3.2100,3.7800,3.2000,3.6200,3.6200,"10,579,900"
2026-03-12,2.9300,3.3400,2.9100,3.2300,3.2300,"22,480,200"
2026-03-11,2.3600,2.4690,2.3400,2.4000,2.4000,"10,271,700"
2026-03-10,2.3900,2.3900,2.2600,2.3300,2.3300,"2,871,900"
2026-03-09,2.3300,2.3700,2.2400,2.3300,2.3300,"2,042,300"
2026-03-06,2.4000,2.4300,2.3300,2.3800,2.3800,"2,569,600"
2026-03-05,2.4800,2.5300,2.4050,2.4500,2.4500,"2,143,400"
2026-03-04,2.6800,2.7000,2.5000,2.5000,2.5000,"1,787,700"
2026-03-03,2.5700,2.6700,2.4600,2.6500,2.6500,"2,315,400"
2026-03-02,2.4900,2.6600,2.4300,2.6300,2.6300,"2,443,700"
2026-02-27,2.5000,2.5800,2.4700,2.5500,2.5500,"1,882,700"
2026-02-26,2.4700,2.5700,2.4700,2.5400,2.5400,"1,315,700"
2026-02-25,2.4400,2.4600,2.3900,2.4500,2.4500,"1,089,000"
2026-02-24,2.4600,2.4700,2.4300,2.4400,2.4400,"1,173,900"
2026-02-23,2.5600,2.5600,2.4600,2.4600,2.4600,"839,800"
2026-02-20,2.5600,2.5950,2.5100,2.5600,2.5600,"816,400"
2026-02-19,2.5300,2.5800,2.5050,2.5700,2.5700,"969,800"
2026-02-18,2.5200,2.5600,2.4900,2.5500,2.5500,"1,087,300"
2026-02-17,2.5000,2.5400,2.4600,2.5300,2.5300,"1,200,600"
2026-02-13,2.4300,2.5700,2.4300,2.5100,2.5100,"1,869,700"
2026-02-12,2.5000,2.5300,2.3600,2.4200,2.4200,"2,152,000"
2026-02-11,2.5500,2.5600,2.4350,2.4900,2.4900,"1,780,600"
2026-02-10,2.5600,2.6450,2.5300,2.5300,2.5300,"1,538,000"
2026-02-09,2.6000,2.6100,2.5000,2.5500,2.5500,"1,500,900"
2026-02-06,2.5000,2.6600,2.5000,2.6200,2.6200,"1,727,200"
2026-02-05,2.5700,2.6050,2.4800,2.4800,2.4800,"1,740,100"
2026-02-04,2.6100,2.6960,2.5600,2.6100,2.6100,"1,841,200"
2026-02-03,2.7000,2.7250,2.5500,2.6000,2.6000,"1,779,100"
2026-02-02,2.6900,2.7550,2.6800,2.7200,2.7200,"1,188,300"
2026-01-30,2.7800,2.7900,2.6500,2.6900,2.6900,"2,042,300"
2026-01-29,2.8100,2.8500,2.7550,2.7900,2.7900,"1,400,600"
2026-01-28,2.8300,2.8600,2.7800,2.8100,2.8100,"1,249,600"
2026-01-27,2.9000,2.9300,2.8200,2.8300,2.8300,"1,505,700"
2026-01-26,2.9600,2.9800,2.9000,2.9100,2.9100,"1,073,000"
2026-01-23,2.9000,3.0000,2.8900,2.9500,2.9500,"2,183,200"
2026-01-22,2.9400,3.0200,2.9000,2.9100,2.9100,"2,312,000"
2026-01-21,2.9200,2.9760,2.8750,2.9400,2.9400,"1,997,900"
2026-01-20,2.9000,2.9660,2.8300,2.8900,2.8900,"1,967,000"
2026-01-16,2.9500,2.9800,2.8900,2.9700,2.9700,"1,727,000"
2026-01-15,2.9300,2.9950,2.8950,2.9400,2.9400,"1,611,500"
2026-01-14,3.0600,3.1000,2.9200,2.9300,2.9300,"2,428,100"
2026-01-13,3.1900,3.2450,3.0700,3.0800,3.0800,"2,036,600"
2026-01-12,2.9800,3.1900,2.9150,3.1700,3.1700,"3,679,100"
2026-01-09,3.0000,3.0350,2.9100,2.9600,2.9600,"1,520,100"
2026-01-08,2.9900,3.0370,2.9500,2.9500,2.9500,"1,283,100"
2026-01-07,3.0400,3.1000,2.9940,3.0000,3.0000,"1,849,000"
2026-01-06,2.9600,3.1900,2.8940,3.1000,3.1000,"3,355,600"
2026-01-05,2.8400,3.0050,2.8100,2.9700,2.9700,"3,527,900"
2026-01-02,2.8100,2.8700,2.8100,2.8500,2.8500,"1,200,500"
2025-12-31,2.8400,2.8800,2.7800,2.8100,2.8100,"2,201,100"
2025-12-30,2.8700,2.9000,2.8400,2.8400,2.8400,"1,532,300"
2025-12-29,2.9100,2.9200,2.8450,2.8700,2.8700,"1,068,400"
2025-12-26,2.9300,2.9500,2.8700,2.9300,2.9300,"1,420,400"
2025-12-24,2.8900,2.9500,2.8650,2.9300,2.9300,"982,000"
2025-12-23,2.9000,2.9000,2.8000,2.8900,2.8900,"1,611,800"
2025-12-22,2.9100,2.9400,2.8800,2.9100,2.9100,"1,644,700"
2025-12-19,3.0500,3.0500,2.8900,2.9200,2.9200,"3,789,600"
2025-12-18,3.0500,3.1000,3.0150,3.0500,3.0500,"1,229,000"
2025-12-17,3.0500,3.1100,3.0100,3.0300,3.0300,"1,277,600"
2025-12-16,3.1100,3.1400,3.0500,3.0500,3.0500,"1,344,800"
2025-12-15,3.1100,3.1600,3.0550,3.1000,3.1000,"1,713,000"
2025-12-12,3.0700,3.1380,3.0600,3.0700,3.0700,"2,282,400"
2025-12-11,3.1300,3.2100,3.0500,3.0700,3.0700,"2,592,200"
2025-12-10,3.1100,3.1750,3.0800,3.1400,3.1400,"2,454,000"
2025-12-09,3.0500,3.1200,3.0440,3.1000,3.1000,"2,161,400"
2025-12-08,3.0300,3.0900,2.9650,3.0500,3.0500,"2,088,600"
2025-12-05,3.1000,3.1000,3.0000,3.0100,3.0100,"1,218,000"
2025-12-04,3.1200,3.1400,3.0100,3.0600,3.0600,"2,207,200"
2025-12-03,3.1500,3.1750,3.0800,3.1300,3.1300,"2,211,100"
2025-12-02,3.0300,3.2350,2.9750,3.1300,3.1300,"3,911,400"
2025-12-01,3.1150,3.2000,3.0300,3.0400,3.0400,"3,365,700"
2025-11-28,3.3500,3.3890,3.1700,3.2000,3.2000,"2,659,700"
2025-11-26,3.5600,3.5900,3.2700,3.4000,3.4000,"15,801,300"
2025-11-25,2.8300,2.9900,2.7800,2.9700,2.9700,"9,698,200"
2025-11-24,2.7900,2.8500,2.6900,2.7900,2.7900,"4,435,600"
2025-11-21,2.6200,2.7700,2.6200,2.7400,2.7400,"2,415,500"
2025-11-20,2.7800,2.8300,2.6200,2.6300,2.6300,"3,100,400"
2025-11-19,2.8700,2.9000,2.7600,2.7700,2.7700,"2,528,900"
2025-11-18,2.7800,2.9300,2.7600,2.8700,2.8700,"2,926,000"
2025-11-17,2.9200,2.9500,2.8000,2.8100,2.8100,"3,067,000"
2025-11-14,3.0100,3.0550,2.9550,2.9600,2.9600,"1,750,800"
2025-11-13,3.0300,3.1200,3.0200,3.0500,3.0500,"2,129,700"
2025-11-12,3.1300,3.2190,3.0400,3.0400,3.0400,"2,238,300"
2025-11-11,3.1600,3.1800,3.0950,3.1000,3.1000,"1,144,800"
2025-11-10,3.2100,3.2200,3.0900,3.1400,3.1400,"1,191,700"
2025-11-07,3.1200,3.1450,3.0250,3.1200,3.1200,"1,735,200"
2025-11-06,3.1600,3.1600,3.0900,3.1400,3.1400,"1,820,900"
2025-11-05,3.1100,3.2800,3.0900,3.2000,3.2000,"1,846,700"
2025-11-04,3.1600,3.1850,3.0600,3.1100,3.1100,"2,274,100"
2025-11-03,3.1500,3.2300,3.1420,3.1800,3.1800,"2,136,700"
2025-10-31,3.3600,3.3770,3.1000,3.1800,3.1800,"3,983,100"
2025-10-30,3.4600,3.4650,3.3700,3.4000,3.4000,"2,380,800"
2025-10-29,3.6000,3.6000,3.4600,3.5000,3.5000,"2,822,200"
2025-10-28,3.7900,3.8400,3.6050,3.6200,3.6200,"2,436,400"
2025-10-27,3.6900,3.8700,3.6550,3.8200,3.8200,"2,219,400"
2025-10-24,3.7300,3.7600,3.6500,3.6600,3.6600,"1,861,700"
2025-10-23,3.6900,3.7700,3.6500,3.7000,3.7000,"1,281,600"
2025-10-22,3.7400,3.8200,3.6500,3.6900,3.6900,"1,949,400"
2025-10-21,3.6750,3.7800,3.6300,3.7500,3.7500,"1,110,700"
2025-10-20,3.5900,3.7000,3.5500,3.6800,3.6800,"2,156,300"
2025-10-17,3.5400,3.6800,3.5200,3.5300,3.5300,"2,243,300"
2025-10-16,3.6500,3.6700,3.5500,3.5900,3.5900,"1,403,200"
2025-10-15,3.5800,3.6700,3.4700,3.6700,3.6700,"4,367,100"
2025-10-14,3.4200,3.5800,3.3500,3.5500,3.5500,"2,471,300"
2025-10-13,3.6000,3.6200,3.4300,3.4600,3.4600,"2,027,000"
2025-10-10,3.7600,3.7950,3.5000,3.5100,3.5100,"1,993,300"
2025-10-09,3.7600,3.8800,3.7450,3.7500,3.7500,"1,506,700"
2025-10-08,3.6600,3.7850,3.6200,3.7500,3.7500,"2,114,300"
2025-10-07,3.7600,3.8100,3.6400,3.6450,3.6450,"1,698,400"
2025-10-06,3.8300,3.8800,3.7200,3.7600,3.7600,"2,161,600"
2025-10-03,3.8800,3.9600,3.7800,3.8300,3.8300,"1,956,300"
2025-10-02,3.9100,3.9400,3.7500,3.8700,3.8700,"2,075,500"
2025-10-01,3.8600,3.9300,3.8000,3.9100,3.9100,"2,312,900"
2025-09-30,3.6100,3.8900,3.6000,3.8700,3.8700,"3,096,700"
2025-09-29,3.5400,3.6400,3.4800,3.6300,3.6300,"2,471,900"
2025-09-26,3.4500,3.5450,3.4450,3.5000,3.5000,"1,385,600"
2025-09-25,3.3400,3.4800,3.2900,3.4500,3.4500,"2,292,300"
2025-09-24,3.4400,3.4400,3.3500,3.3700,3.3700,"1,492,300"
2025-09-23,3.5200,3.5750,3.4000,3.4150,3.4150,"4,935,700"
2025-09-22,3.5300,3.6700,3.5100,3.5100,3.5100,"2,262,500"
2025-09-19,3.5500,3.5500,3.4600,3.5200,3.5200,"2,736,600"
2025-09-18,3.5000,3.5700,3.4800,3.5100,3.5100,"1,946,000"
2025-09-17,3.5200,3.6250,3.4500,3.4700,3.4700,"2,574,300"
2025-09-16,3.4700,3.5900,3.4000,3.5200,3.5200,"2,078,400"
2025-09-15,3.4700,3.5590,3.4000,3.4700,3.4700,"2,709,800"
2025-09-12,3.6900,3.7000,3.4500,3.4600,3.4600,"2,349,700"
2025-09-11,3.6100,3.6900,3.6000,3.6800,3.6800,"2,784,500"
2025-09-10,3.6500,3.7500,3.5700,3.5800,3.5800,"3,522,900"
2025-09-09,3.7750,3.7900,3.6200,3.6500,3.6500,"3,054,900"
2025-09-08,3.7000,3.7900,3.5900,3.7800,3.7800,"2,931,100"
2025-09-05,3.5300,3.7400,3.5250,3.6700,3.6700,"5,846,000"
2025-09-04,3.3500,3.4500,3.3250,3.4200,3.4200,"3,270,500"
2025-09-03,3.6500,3.6700,3.2650,3.3100,3.3100,"5,226,800"
2025-09-02,3.9200,3.9400,3.5500,3.6200,3.6200,"6,255,500"
2025-08-29,3.9800,4.1900,3.7000,3.9900,3.9900,"23,305,300"
2025-08-28,3.2300,3.3100,3.1100,3.2300,3.2300,"8,940,000"
2025-08-27,3.1900,3.3100,3.1600,3.2000,3.2000,"4,268,300"
2025-08-26,3.3400,3.4000,3.1650,3.1800,3.1800,"5,928,400"
2025-08-25,3.4400,3.4750,3.3300,3.3400,3.3400,"2,499,500"
2025-08-22,3.3200,3.5900,3.2900,3.4600,3.4600,"3,477,800"
2025-08-21,3.3600,3.4100,3.2450,3.2600,3.2600,"2,202,400"
2025-08-20,3.4400,3.4800,3.3800,3.3900,3.3900,"2,515,500"
2025-08-19,3.4300,3.5950,3.4300,3.4500,3.4500,"2,036,100"
2025-08-18,3.3500,3.5000,3.3310,3.4700,3.4700,"1,928,600"
2025-08-15,3.4500,3.4750,3.3300,3.3400,3.3400,"1,417,600"
2025-08-14,3.4750,3.5100,3.3900,3.4200,3.4200,"1,562,300"
2025-08-13,3.4700,3.6100,3.4300,3.5700,3.5700,"3,014,400"
2025-08-12,3.2500,3.5000,3.2400,3.4500,3.4500,"4,293,600"
2025-08-11,3.2000,3.2200,3.1150,3.2000,3.2000,"1,858,900"
2025-08-08,3.1400,3.2650,3.0700,3.1700,3.1700,"2,869,000"
2025-08-07,3.0000,3.1400,2.9600,3.1300,3.1300,"3,230,700"
2025-08-06,2.9800,3.0200,2.9400,3.0000,3.0000,"2,200,700"
2025-08-05,2.9400,3.0400,2.9150,2.9900,2.9900,"1,977,900"
2025-08-04,2.9800,3.0200,2.9200,2.9400,2.9400,"2,551,500"
2025-08-01,2.9900,2.9900,2.9020,2.9200,2.9200,"2,930,500"
2025-07-31,3.0100,3.0700,2.9800,3.0100,3.0100,"2,916,400"
2025-07-30,3.2000,3.2300,3.0100,3.0600,3.0600,"2,844,500"
2025-07-29,3.4100,3.4200,3.2100,3.2200,3.2200,"2,558,300"
2025-07-28,3.3900,3.4100,3.2650,3.4100,3.4100,"3,110,800"
2025-07-25,3.8000,3.8100,3.3500,3.3600,3.3600,"5,795,100"
2025-07-24,4.3400,4.3400,3.7800,3.8000,3.8000,"5,776,900"
2025-07-23,4.1400,4.5050,4.0400,4.3600,4.3600,"9,203,300"
2025-07-22,3.2500,4.2100,3.2350,4.1800,4.1800,"15,334,600"
2025-07-21,3.3300,3.3900,3.2100,3.2400,3.2400,"3,740,700"
2025-07-18,2.9900,3.3100,2.9900,3.3000,3.3000,"5,015,500"
2025-07-17,2.8000,3.0100,2.7700,2.9700,2.9700,"3,575,800"
2025-07-16,2.8500,2.8500,2.6800,2.7800,2.7800,"3,475,200"
2025-07-15,3.0000,3.0050,2.8100,2.8300,2.8300,"4,287,800"
2025-07-14,2.9500,3.0000,2.9050,2.9800,2.9800,"2,003,100"
2025-07-11,3.0400,3.0400,2.9500,2.9700,2.9700,"1,665,800"
2025-07-10,3.0400,3.1600,3.0400,3.0700,3.0700,"2,304,700"
2025-07-09,3.0600,3.0800,2.9700,3.0700,3.0700,"2,388,500"
2025-07-08,3.1400,3.1550,3.0500,3.0700,3.0700,"2,206,700"
2025-07-07,3.0300,3.1100,3.0000,3.1100,3.1100,"3,255,600"
2025-07-03,2.9600,3.1000,2.9400,3.0800,3.0800,"2,900,800"
2025-07-02,2.8600,2.9650,2.8600,2.9500,2.9500,"3,080,900"
2025-07-01,2.8100,2.9600,2.7900,2.8700,2.8700,"4,330,100"
2025-06-30,2.8350,2.9000,2.7500,2.8300,2.8300,"4,627,800"
2025-06-27,2.8000,2.8400,2.7700,2.8300,2.8300,"3,984,700"
2025-06-26,2.7700,2.8400,2.7500,2.7900,2.7900,"3,129,800"
2025-06-25,2.7200,2.7900,2.6700,2.7600,2.7600,"3,775,800"
2025-06-24,2.7500,2.8600,2.6800,2.7200,2.7200,"5,434,400"
2025-06-23,2.6300,2.7200,2.5500,2.7200,2.7200,"3,994,200"
2025-06-20,2.4700,2.7100,2.4250,2.6300,2.6300,"7,144,700"
2025-06-18,2.4000,2.4550,2.3850,2.4300,2.4300,"4,245,700"
2025-06-17,2.5100,2.5200,2.3800,2.4000,2.4000,"4,754,700"
2025-06-16,2.5000,2.5650,2.4250,2.5500,2.5500,"5,299,100"
2025-06-13,2.5700,2.5700,2.4420,2.4700,2.4700,"5,482,800"
2025-06-12,2.6100,2.6700,2.5920,2.6000,2.6000,"3,668,900"
2025-06-11,2.7500,2.7700,2.6100,2.6300,2.6300,"3,891,700"
2025-06-10,2.6400,2.7300,2.5810,2.7100,2.7100,"5,455,400"
2025-06-09,2.8100,2.8300,2.6300,2.6400,2.6400,"10,725,100"
2025-06-06,3.2300,3.2400,2.6850,2.7750,2.7750,"24,448,200"
2025-06-05,3.6600,3.7000,3.4350,3.6200,3.6200,"10,093,500"
2025-06-04,3.7050,3.7470,3.4700,3.5600,3.5600,"5,697,900"
2025-06-03,3.6700,3.7600,3.6000,3.7100,3.7100,"3,365,500"
2025-06-02,3.6800,3.7450,3.5150,3.6900,3.6900,"3,130,800"
2025-05-30,3.5600,3.7000,3.5000,3.6700,3.6700,"4,590,500"
2025-05-29,3.5700,3.6700,3.5350,3.5800,3.5800,"2,949,200"
2025-05-28,3.5600,3.5850,3.4300,3.4900,3.4900,"3,130,200"
2025-05-27,3.6800,3.7500,3.5000,3.5800,3.5800,"4,025,500"
2025-05-23,3.5800,3.6800,3.5150,3.6300,3.6300,"2,824,100"
2025-05-22,3.5900,3.7200,3.5000,3.6900,3.6900,"3,598,600"
2025-05-21,3.7700,3.8400,3.6100,3.6500,3.6500,"4,013,600"
2025-05-20,3.5900,3.9200,3.5750,3.8600,3.8600,"7,602,000"
2025-05-19,3.3000,3.6200,3.3000,3.5900,3.5900,"4,552,200"
2025-05-16,3.1700,3.3400,3.1300,3.3300,3.3300,"2,819,000"
2025-05-15,3.1700,3.1900,3.1100,3.1700,3.1700,"2,733,400"
2025-05-14,3.2100,3.2700,3.1300,3.1700,3.1700,"2,636,700"
2025-05-13,3.2000,3.2700,3.1100,3.2100,3.2100,"3,241,400"
2025-05-12,3.2400,3.3600,3.1410,3.1800,3.1800,"4,122,000"
2025-05-09,3.2100,3.2100,3.0900,3.1400,3.1400,"1,310,500"
2025-05-08,3.2300,3.2650,3.1600,3.1700,3.1700,"2,684,500"
2025-05-07,3.0600,3.2300,3.0600,3.2000,3.2000,"3,166,500"
2025-05-06,3.1300,3.1600,3.0600,3.0600,3.0600,"2,437,100"
2025-05-05,3.0700,3.2400,3.0650,3.1800,3.1800,"3,337,500"
2025-05-02,3.0400,3.1500,3.0300,3.0600,3.0600,"1,912,800"
2025-05-01,2.9900,3.0600,2.9300,3.0100,3.0100,"2,368,000"
2025-04-30,2.9700,2.9700,2.8600,2.9500,2.9500,"3,592,600"
2025-04-29,3.1500,3.1800,2.9710,3.0200,3.0200,"4,771,700"
2025-04-28,3.1000,3.2750,3.0700,3.1600,3.1600,"3,634,100"
2025-04-25,3.1100,3.1100,3.0000,3.0900,3.0900,"2,897,800"
2025-04-24,3.0400,3.1950,2.9800,3.1600,3.1600,"3,110,500"
2025-04-23,3.2300,3.4000,3.0500,3.0600,3.0600,"3,092,000"
2025-04-22,3.1400,3.2100,3.0200,3.1100,3.1100,"2,629,200"
2025-04-21,3.0400,3.1100,2.9700,3.0900,3.0900,"2,943,400"
2025-04-17,3.1150,3.1900,3.0350,3.0900,3.0900,"3,795,600"
2025-04-16,3.0300,3.1200,3.0150,3.1000,3.1000,"3,098,100"
2025-04-15,3.2700,3.3000,3.0600,3.0600,3.0600,"2,660,700"
2025-04-14,3.4100,3.4250,3.1700,3.2800,3.2800,"2,951,400"
2025-04-11,3.2400,3.3900,3.2000,3.3600,3.3600,"2,852,900"
2025-04-10,3.1600,3.3100,3.1100,3.2800,3.2800,"3,888,000"
2025-04-09,2.9000,3.3250,2.8400,3.2500,3.2500,"6,063,400"
2025-04-08,3.0000,3.1500,2.9200,2.9700,2.9700,"5,241,600"
2025-04-07,2.6600,3.0350,2.5700,2.8950,2.8950,"4,388,800"
2025-04-04,2.8500,2.9100,2.5230,2.8600,2.8600,"6,313,600"
2025-04-03,3.1000,3.2000,2.9200,2.9400,2.9400,"5,305,200"
2025-04-02,3.2000,3.5850,3.1610,3.3400,3.3400,"15,279,400"
2025-04-01,3.0000,3.1100,2.8900,2.9600,2.9600,"4,069,300"
2025-03-31,2.8600,3.1700,2.7000,3.0500,3.0500,"6,903,400"
2025-03-28,3.1700,3.1700,2.7000,2.9600,2.9600,"8,939,600"
2025-03-27,2.9300,3.4200,2.7500,3.2100,3.2100,"27,829,700"
2025-03-26,2.4800,2.5060,2.3900,2.4400,2.4400,"10,551,200"
2025-03-25,2.4800,2.5200,2.4100,2.4700,2.4700,"3,841,200"
2025-03-24,2.4800,2.5300,2.4430,2.4700,2.4700,"2,648,300"
2025-03-21,2.3800,2.4800,2.3400,2.4400,2.4400,"3,644,600"
2025-03-20,2.4000,2.5150,2.3800,2.4100,2.4100,"2,790,000"
2025-03-19,2.4100,2.5000,2.4100,2.4400,2.4400,"2,482,000"
2025-03-18,2.4600,2.5100,2.3900,2.4100,2.4100,"3,105,900"
2025-03-17,2.4400,2.5600,2.4100,2.5000,2.5000,"3,255,000"
2025-03-14,2.4350,2.5300,2.3900,2.3900,2.3900,"2,682,700"
2025-03-13,2.4600,2.5200,2.2800,2.3700,2.3700,"3,458,300"
2025-03-12,2.6400,2.6720,2.4600,2.4600,2.4600,"3,260,700"
2025-03-11,2.5800,2.7580,2.5050,2.5800,2.5800,"2,982,800"
2025-03-10,2.5500,2.7000,2.5100,2.5900,2.5900,"3,673,400"
2025-03-07,2.5400,2.6000,2.4300,2.5800,2.5800,"3,380,000"
2025-03-06,2.5000,2.6350,2.4500,2.5200,2.5200,"2,102,900"
2025-03-05,2.4400,2.5650,2.3900,2.5400,2.5400,"5,135,400"
2025-03-04,2.4300,2.5400,2.3200,2.4550,2.4550,"5,328,600"
2025-03-03,2.7000,2.7600,2.4200,2.4750,2.4750,"4,761,100"
2025-02-28,2.7000,2.7900,2.6500,2.6900,2.6900,"3,630,900"
2025-02-27,2.8500,2.9000,2.6900,2.7100,2.7100,"4,139,500"
2025-02-26,2.9800,3.0000,2.8200,2.8200,2.8200,"2,904,600"
2025-02-25,2.9200,2.9600,2.8500,2.9400,2.9400,"3,577,100"
2025-02-24,2.9000,2.9600,2.7950,2.9000,2.9000,"2,433,400"
2025-02-21,3.0300,3.0500,2.8500,2.9100,2.9100,"2,980,200"
2025-02-20,3.1100,3.1300,2.9400,2.9900,2.9900,"2,423,600"
2025-02-19,3.1000,3.1200,2.6500,3.1000,3.1000,"14,022,000"
2025-02-18,2.9700,3.1400,2.9700,3.1400,3.1400,"3,109,000"
2025-02-14,2.9700,3.0400,2.9450,2.9500,2.9500,"4,480,400"
2025-02-13,3.0600,3.0950,2.9000,2.9400,2.9400,"2,641,100"
2025-02-12,2.9500,3.0900,2.9400,3.0600,3.0600,"3,274,900"
2025-02-11,3.0000,3.0900,2.9600,2.9800,2.9800,"3,697,300"
2025-02-10,3.2500,3.2900,2.9300,3.0200,3.0200,"6,618,700"
2025-02-07,3.2850,3.3400,3.2000,3.2500,3.2500,"2,283,500"
2025-02-06,3.3200,3.4200,3.2800,3.2900,3.2900,"2,880,700"
2025-02-05,3.4100,3.4200,3.3000,3.3100,3.3100,"3,516,200"
2025-02-04,3.2900,3.4000,3.2500,3.3800,3.3800,"2,020,000"
2025-02-03,3.2500,3.3800,3.2010,3.2900,3.2900,"3,524,400"
2025-01-31,3.6300,3.6400,3.4000,3.4200,3.4200,"3,215,300"
2025-01-30,3.6600,3.7200,3.5300,3.6200,3.6200,"4,403,300"
2025-01-29,3.8400,3.9050,3.5450,3.6000,3.6000,"3,523,500"
2025-01-28,3.7500,3.8400,3.6500,3.8000,3.8000,"2,844,000"
2025-01-27,3.8100,3.9700,3.7000,3.7500,3.7500,"2,025,900"
2025-01-24,3.8900,3.9250,3.7350,3.8500,3.8500,"3,317,800"
2025-01-23,3.7100,3.8800,3.6900,3.8600,3.8600,"2,601,800"
2025-01-22,3.9000,4.0250,3.7500,3.7700,3.7700,"3,867,800"
2025-01-21,3.6800,3.9200,3.6250,3.8700,3.8700,"3,856,300"
2025-01-17,3.7600,3.7600,3.5350,3.6500,3.6500,"4,086,700"
2025-01-16,3.8300,3.8700,3.6250,3.7000,3.7000,"3,363,300"
2025-01-15,3.9600,4.0200,3.7100,3.8400,3.8400,"2,387,300"
2025-01-14,3.8100,3.8500,3.6600,3.8100,3.8100,"3,852,800"
2025-01-13,3.7300,3.8980,3.6100,3.7700,3.7700,"4,103,300"
2025-01-10,3.9000,3.9450,3.6200,3.7400,3.7400,"4,063,800"
2025-01-08,4.1100,4.1500,3.8800,4.0100,4.0100,"5,281,800"
2025-01-07,4.1000,4.2600,4.0200,4.1600,4.1600,"6,407,900"
2025-01-06,4.1000,4.2100,3.9300,4.0400,4.0400,"3,704,000"
2025-01-03,4.1700,4.2100,4.0000,4.0600,4.0600,"3,212,600"
2025-01-02,3.8900,4.1050,3.8100,4.1000,4.1000,"3,675,700"
2024-12-31,3.8600,3.9250,3.7900,3.8100,3.8100,"3,059,400"
2024-12-30,4.0600,4.0700,3.7400,3.8300,3.8300,"3,501,700"
2024-12-27,4.1000,4.2300,3.9700,4.1000,4.1000,"4,888,100"
2024-12-26,3.9400,4.3400,3.9100,4.1300,4.1300,"5,209,200"
2024-12-24,4.0400,4.0680,3.8150,3.9500,3.9500,"2,139,100"
2024-12-23,3.9500,4.0400,3.7600,4.0100,4.0100,"4,696,800"
2024-12-20,4.0100,4.1500,3.9050,3.9600,3.9600,"4,531,700"
2024-12-19,4.2000,4.2500,3.9100,3.9300,3.9300,"4,374,400"
2024-12-18,4.5500,4.6700,4.1100,4.1400,4.1400,"3,634,600"
2024-12-17,4.3000,4.5200,4.1800,4.4400,4.4400,"3,841,800"
2024-12-16,4.4700,4.4800,4.2300,4.2900,4.2900,"5,268,800"
2024-12-13,4.6150,4.6700,4.4150,4.4500,4.4500,"4,306,100"
2024-12-12,4.7400,4.8900,4.5700,4.5700,4.5700,"4,327,400"
2024-12-11,4.7000,5.0900,4.6600,4.9100,4.9100,"6,173,500"
2024-12-10,4.6850,4.8200,4.5400,4.5550,4.5550,"7,746,400"
2024-12-09,5.4000,5.4400,4.7000,4.7050,4.7050,"7,778,900"
2024-12-06,5.9700,6.2900,5.0200,5.2900,5.2900,"18,198,300"
2024-12-05,5.1700,5.1900,4.8400,4.9000,4.9000,"6,683,600"
2024-12-04,5.1300,5.3450,4.9200,5.0500,5.0500,"4,708,800"
2024-12-03,4.8600,5.3100,4.8100,5.1700,5.1700,"6,823,300"
2024-12-02,4.3000,4.9200,4.2200,4.9100,4.9100,"6,213,000"
2024-11-29,4.3400,4.3900,4.2150,4.2700,4.2700,"1,781,000"
2024-11-27,4.0700,4.4800,3.9800,4.3000,4.3000,"3,555,600"
2024-11-26,4.0800,4.1400,3.8800,3.9800,3.9800,"5,101,900"
2024-11-25,4.1700,4.3350,4.1330,4.2300,4.2300,"3,379,100"
2024-11-22,4.2300,4.2400,3.9700,4.1700,4.1700,"4,149,500"
2024-11-21,4.0000,4.1900,3.9500,4.1700,4.1700,"2,536,600"
2024-11-20,4.0700,4.1000,3.8550,3.9700,3.9700,"2,145,200"
2024-11-19,3.8700,4.0900,3.8100,4.0600,4.0600,"2,194,400"
2024-11-18,4.0100,4.0500,3.8800,3.9400,3.9400,"2,415,800"
2024-11-15,4.1900,4.2100,4.0000,4.0100,4.0100,"2,430,500"
2024-11-14,4.2200,4.3200,4.1550,4.1900,4.1900,"2,475,100"
2024-11-13,4.4200,4.5200,4.1200,4.2100,4.2100,"3,974,900"
2024-11-12,4.4500,4.4950,4.3200,4.3700,4.3700,"2,081,000"
2024-11-11,4.3500,4.6100,4.3500,4.5200,4.5200,"2,725,100"
2024-11-08,4.6300,4.7000,4.2800,4.3000,4.3000,"3,816,700"
2024-11-07,4.5500,4.6700,4.4000,4.6400,4.6400,"2,678,200"
2024-11-06,4.5000,4.6500,4.1300,4.4900,4.4900,"3,765,000"
2024-11-05,4.2700,4.4200,4.1850,4.4200,4.4200,"3,008,500"
2024-11-04,4.4900,4.5200,4.1500,4.3000,4.3000,"3,295,700"
2024-11-01,4.3200,4.5500,4.2900,4.4900,4.4900,"2,240,500"
2024-10-31,4.4900,4.5000,4.2700,4.2700,4.2700,"2,702,900"
2024-10-30,4.5500,4.6600,4.4500,4.4900,4.4900,"1,829,600"
2024-10-29,4.5000,4.7200,4.4650,4.5700,4.5700,"2,285,300"
2024-10-28,4.5000,4.7300,4.4700,4.5700,4.5700,"2,671,300"
2024-10-25,4.4900,4.5300,4.3950,4.4600,4.4600,"2,164,200"
2024-10-24,4.6400,4.7200,4.3900,4.4000,4.4000,"2,930,100"
2024-10-23,4.6200,4.7100,4.4800,4.6000,4.6000,"1,930,800"
2024-10-22,4.6400,4.7300,4.5610,4.6900,4.6900,"1,919,600"
2024-10-21,4.8700,4.8750,4.5400,4.6300,4.6300,"2,420,800"
2024-10-18,4.6300,5.0750,4.6300,4.9300,4.9300,"3,907,700"
2024-10-17,4.6900,4.7150,4.5300,4.5800,4.5800,"2,306,500"
2024-10-16,4.6700,4.8100,4.6000,4.7000,4.7000,"2,247,600"
2024-10-15,4.7100,4.7700,4.4900,4.6200,4.6200,"2,819,400"
2024-10-14,5.1000,5.1100,4.7000,4.7100,4.7100,"3,808,500"
2024-10-11,5.0500,5.2300,5.0350,5.1400,5.1400,"1,677,800"
2024-10-10,5.3100,5.3800,5.0600,5.0800,5.0800,"2,998,000"
2024-10-09,5.8000,5.9400,5.3050,5.3700,5.3700,"4,212,100"
2024-10-08,5.1900,5.8800,5.1400,5.7700,5.7700,"4,429,100"
2024-10-07,5.3700,5.4300,5.0200,5.1700,5.1700,"2,830,800"
2024-10-04,5.7100,5.8900,5.3500,5.3800,5.3800,"5,258,000"
2024-10-03,4.9700,5.5700,4.9400,5.5400,5.5400,"8,297,100"
2024-10-02,4.5400,5.0900,4.4500,5.0200,5.0200,"4,926,900"
2024-10-01,4.5100,4.6000,4.3400,4.4700,4.4700,"2,476,500"
2024-09-30,4.6600,4.8250,4.5000,4.5500,4.5500,"2,148,100"
2024-09-27,4.7500,4.8800,4.6000,4.6800,4.6800,"2,049,900"
2024-09-26,4.3900,4.8000,4.3900,4.6100,4.6100,"3,717,800"
2024-09-25,4.3800,4.4000,4.2150,4.3400,4.3400,"1,966,000"
2024-09-24,4.4400,4.5900,4.3700,4.3900,4.3900,"3,593,100"
2024-09-23,4.6000,4.6000,4.3800,4.4200,4.4200,"2,372,900"
2024-09-20,4.8450,4.9000,4.5300,4.5800,4.5800,"4,285,000"
2024-09-19,4.8500,4.9400,4.7050,4.9300,4.9300,"3,151,700"
2024-09-18,4.9300,5.0900,4.6500,4.6500,4.6500,"3,760,900"
2024-09-17,4.7300,4.9950,4.6500,4.9200,4.9200,"4,693,300"
2024-09-16,4.6200,4.7650,4.2610,4.6500,4.6500,"6,976,900"
2024-09-13,4.6300,4.9400,4.3610,4.5800,4.5800,"9,318,000"
2024-09-12,4.1300,4.9900,4.1300,4.5400,4.5400,"19,935,900"
2024-09-11,2.9800,4.2300,2.9700,4.0800,4.0800,"26,468,200"
2024-09-10,2.8500,3.0850,2.7440,3.0700,3.0700,"7,741,300"
2024-09-09,2.8600,3.0290,2.8300,2.8500,2.8500,"3,021,300"
2024-09-06,3.1000,3.2000,2.9200,2.9300,2.9300,"2,921,000"
2024-09-05,2.9600,3.1500,2.9200,3.1200,3.1200,"3,703,400"
2024-09-04,3.0200,3.1300,2.8700,2.9200,2.9200,"2,071,200"
2024-09-03,3.0700,3.2200,3.0300,3.0600,3.0600,"3,784,600"
2024-08-30,3.2500,3.2500,2.9900,3.1900,3.1900,"2,891,700"
2024-08-29,3.1300,3.2500,3.0600,3.2000,3.2000,"2,349,700"
2024-08-28,2.8900,3.1880,2.8800,3.1000,3.1000,"3,178,300"
2024-08-27,3.0200,3.0700,2.9200,2.9200,2.9200,"2,447,000"
2024-08-26,3.0300,3.1100,2.9500,3.0500,3.0500,"1,764,400"
2024-08-23,2.9200,2.9900,2.7950,2.9900,2.9900,"2,083,700"
2024-08-22,2.8500,2.8600,2.6700,2.7500,2.7500,"1,640,900"
2024-08-21,2.7600,2.8400,2.6850,2.8300,2.8300,"1,880,600"
2024-08-20,2.9000,2.9170,2.6650,2.7200,2.7200,"2,051,500"
2024-08-19,2.7100,3.0400,2.6400,2.9000,2.9000,"4,102,300"
2024-08-16,2.5900,2.8200,2.5600,2.7100,2.7100,"4,657,200"
2024-08-15,2.3600,2.6500,2.3400,2.6000,2.6000,"5,110,300"
2024-08-14,2.4200,2.4350,2.2400,2.3100,2.3100,"2,321,800"
2024-08-13,2.3000,2.4700,2.3000,2.3900,2.3900,"4,138,300"
2024-08-12,2.3100,2.3700,2.2300,2.2900,2.2900,"2,955,000"
2024-08-09,2.4300,2.4500,2.3100,2.3300,2.3300,"2,599,300"
2024-08-08,2.5000,2.5250,2.3500,2.4300,2.4300,"3,514,900"
2024-08-07,2.7500,2.7500,2.4800,2.5000,2.5000,"3,020,700"
2024-08-06,2.7200,2.7500,2.5900,2.6000,2.6000,"2,886,300"
2024-08-05,2.6400,2.7750,2.5900,2.7000,2.7000,"4,263,200"
2024-08-02,3.0100,3.0500,2.8900,2.9000,2.9000,"3,151,700"
2024-08-01,3.4700,3.5100,3.1400,3.1700,3.1700,"3,881,500"
2024-07-31,3.3200,3.6650,3.2500,3.4600,3.4600,"2,860,300"
2024-07-30,3.3600,3.4550,3.2600,3.2800,3.2800,"2,802,000"
2024-07-29,3.5900,3.5900,3.3100,3.3500,3.3500,"2,925,500"
2024-07-26,3.4800,3.6950,3.4700,3.5400,3.5400,"3,792,500"
2024-07-25,3.2900,3.4500,3.2300,3.4400,3.4400,"3,645,400"
2024-07-24,3.2600,3.3780,3.2000,3.2900,3.2900,"2,903,600"
2024-07-23,3.3500,3.3790,3.2300,3.3100,3.3100,"2,666,300"
2024-07-22,3.5400,3.6100,3.3150,3.3900,3.3900,"4,124,100"
2024-07-19,3.6800,3.6900,3.4950,3.5000,3.5000,"3,330,300"
2024-07-18,3.9500,3.9900,3.6300,3.6500,3.6500,"8,067,900"
2024-07-17,3.4700,3.7800,3.4700,3.7300,3.7300,"5,333,600"
2024-07-16,3.2250,3.6000,3.2200,3.5700,3.5700,"4,584,300"
2024-07-15,3.4000,3.4100,3.1800,3.2000,3.2000,"4,688,200"
2024-07-12,3.6500,3.6900,3.4300,3.4300,3.4300,"6,096,400"
2024-07-11,3.4300,3.7000,3.3250,3.6300,3.6300,"6,646,100"
2024-07-10,3.3100,3.4200,3.2700,3.3200,3.3200,"2,715,300"
2024-07-09,3.3100,3.3500,3.2200,3.2900,3.2900,"3,110,200"
2024-07-08,3.4800,3.5600,3.2700,3.3100,3.3100,"4,871,900"
2024-07-05,3.1400,3.4850,3.0850,3.4800,3.4800,"4,178,200"
2024-07-03,3.0900,3.2100,3.0450,3.1700,3.1700,"2,181,900"
2024-07-02,3.3700,3.4000,3.1000,3.1050,3.1050,"6,703,100"
2024-07-01,3.6700,3.7500,3.2850,3.3700,3.3700,"9,677,500"
2024-06-28,3.3300,3.8700,3.2800,3.7800,3.7800,"24,243,700"
2024-06-27,3.2900,3.7400,3.1800,3.3400,3.3400,"15,597,600"
2024-06-26,3.4500,3.4700,3.3100,3.3300,3.3300,"2,897,400"
2024-06-25,3.7300,3.8600,3.4600,3.4700,3.4700,"3,844,000"
2024-06-24,3.5400,3.7800,3.5050,3.7600,3.7600,"4,095,700"
2024-06-21,3.6400,3.8100,3.4600,3.5400,3.5400,"5,235,200"
2024-06-20,3.6200,3.6750,3.5700,3.6400,3.6400,"2,886,100"
2024-06-18,3.4500,3.7200,3.4400,3.6500,3.6500,"4,800,000"
2024-06-17,3.4400,3.5300,3.3700,3.4600,3.4600,"6,269,000"
2024-06-14,3.5500,3.5600,3.3850,3.4500,3.4500,"4,968,800"
2024-06-13,3.5900,3.6900,3.5500,3.5800,3.5800,"4,928,800"
2024-06-12,3.6800,3.9300,3.5350,3.5800,3.5800,"3,080,000"
2024-06-11,3.5800,3.7200,3.5400,3.5700,3.5700,"4,049,500"
2024-06-10,3.6700,3.7300,3.5500,3.6400,3.6400,"3,308,300"
2024-06-07,3.7500,3.8200,3.6200,3.6500,3.6500,"4,387,100"
2024-06-06,4.0800,4.1400,3.8150,3.8200,3.8200,"4,476,500"
2024-06-05,3.9800,4.3800,3.9450,4.1300,4.1300,"5,641,500"
2024-06-04,4.0400,4.1300,3.9600,3.9800,3.9800,"4,175,100"
2024-06-03,3.9500,4.2400,3.8500,4.1200,4.1200,"7,315,900"
2024-05-31,3.9800,4.0600,3.5200,3.8600,3.8600,"7,898,800"
2024-05-30,3.5900,4.0550,3.4000,3.9300,3.9300,"16,781,200"
2024-05-29,3.3200,3.3850,3.0100,3.1300,3.1300,"7,312,100"
2024-05-28,3.6300,3.6400,3.4200,3.4200,3.4200,"6,401,700"
2024-05-24,3.2100,3.7000,3.1250,3.5800,3.5800,"12,410,300"
2024-05-23,3.1400,3.2000,2.9500,3.1700,3.1700,"9,285,000"
2024-05-22,2.7600,3.3000,2.7000,2.8800,2.8800,"26,198,300"
2024-05-21,2.5500,2.6170,2.3700,2.4500,2.4500,"6,810,800"
2024-05-20,2.4800,2.6200,2.4100,2.5800,2.5800,"5,776,900"
2024-05-17,2.4600,2.5800,2.4100,2.4900,2.4900,"3,468,600"
2024-05-16,2.5600,2.6800,2.3300,2.4600,2.4600,"8,176,500"
2024-05-15,2.2500,2.6300,2.1500,2.6100,2.6100,"24,309,700"
2024-05-14,1.9200,2.0900,1.9100,2.0400,2.0400,"8,238,800"
2024-05-13,1.7100,1.8750,1.7100,1.7900,1.7900,"4,154,300"
2024-05-10,1.8100,1.8200,1.6400,1.6600,1.6600,"2,453,000"
2024-05-09,1.6900,1.7900,1.6700,1.7600,1.7600,"2,785,900"
2024-05-08,1.5900,1.7000,1.5300,1.6900,1.6900,"3,418,800"
2024-05-07,1.5700,1.6500,1.5650,1.6000,1.6000,"1,377,100"
2024-05-06,1.5700,1.6000,1.5590,1.5900,1.5900,"2,456,300"
2024-05-03,1.6200,1.6700,1.5500,1.5500,1.5500,"2,957,900"
2024-05-02,1.6000,1.6300,1.5300,1.5700,1.5700,"1,542,100"
2024-05-01,1.5000,1.6000,1.5000,1.5600,1.5600,"2,235,500"
2024-04-30,1.5400,1.5750,1.5000,1.5000,1.5000,"2,508,600"
2024-04-29,1.5300,1.6000,1.5100,1.5600,1.5600,"2,560,400"
2024-04-26,1.5300,1.6000,1.5000,1.5100,1.5100,"2,284,300"
2024-04-25,1.5500,1.5550,1.4140,1.5100,1.5100,"8,042,900"
2024-04-24,1.5600,1.5800,1.5200,1.5600,1.5600,"5,436,700"
2024-04-23,1.5600,1.6600,1.5600,1.5800,1.5800,"2,133,300"
2024-04-22,1.6900,1.6900,1.5600,1.5600,1.5600,"2,919,600"
2024-04-19,1.6400,1.6750,1.6200,1.6600,1.6600,"2,397,000"
2024-04-18,1.6400,1.7000,1.6050,1.6500,1.6500,"2,554,800"
2024-04-17,1.6200,1.6900,1.6100,1.6200,1.6200,"4,227,500"
2024-04-16,1.6200,1.6510,1.5500,1.6200,1.6200,"1,809,300"
2024-04-15,1.7400,1.7700,1.6400,1.6500,1.6500,"2,425,300"
2024-04-12,1.8200,1.8400,1.7200,1.7200,1.7200,"2,353,500"
2024-04-11,1.8400,1.8950,1.7800,1.8600,1.8600,"2,273,300"
2024-04-10,1.8000,1.8600,1.7320,1.8500,1.8500,"2,801,000"
2024-04-09,1.9000,1.9650,1.8800,1.8900,1.8900,"1,853,000"
2024-04-08,1.9400,1.9800,1.9100,1.9200,1.9200,"1,811,300"
2024-04-05,1.9100,2.0000,1.8400,1.9500,1.9500,"4,253,900"
2024-04-04,2.0100,2.1000,1.9400,1.9500,1.9500,"2,958,000"
2024-04-03,1.9200,2.0400,1.8800,2.0000,2.0000,"3,218,100"
2024-04-02,1.8900,2.0500,1.8600,1.9400,1.9400,"4,534,300"
2024-04-01,2.2700,2.2700,2.0650,2.0800,2.0800,"2,832,900"
2024-03-28,2.2100,2.3100,2.1700,2.2800,2.2800,"4,171,900"
2024-03-27,1.9200,2.2300,1.9150,2.1900,2.1900,"9,417,000"
2024-03-26,1.9700,1.9750,1.8800,1.8800,1.8800,"3,144,800"
2024-03-25,1.9900,2.0800,1.9500,1.9600,1.9600,"3,143,400"
2024-03-22,2.0000,2.1100,1.9800,1.9900,1.9900,"2,596,300"
2024-03-21,1.9600,2.0000,1.9250,1.9800,1.9800,"4,258,800"
2024-03-20,1.9000,2.0100,1.8700,1.9800,1.9800,"6,090,900"
2024-03-19,1.9900,2.0300,1.9000,1.9300,1.9300,"8,200,200"
2024-03-18,2.1100,2.1100,1.9700,2.0100,2.0100,"4,295,600"
2024-03-15,2.0800,2.1600,2.0100,2.1100,2.1100,"6,768,700"
2024-03-14,2.5000,2.5000,2.0300,2.0600,2.0600,"10,426,000"
2024-03-13,2.6200,2.8100,2.3300,2.5200,2.5200,"13,676,700"
2024-03-12,2.7100,2.7180,2.5300,2.5600,2.5600,"5,728,000"
2024-03-11,2.6600,2.7450,2.6300,2.6700,2.6700,"3,607,600"
2024-03-08,2.6000,2.7650,2.6000,2.6600,2.6600,"3,012,900"
2024-03-07,2.5500,2.6250,2.5500,2.5900,2.5900,"1,711,900"
2024-03-06,2.6000,2.6600,2.5350,2.5400,2.5400,"2,424,900"
2024-03-05,2.6700,2.7150,2.5900,2.6000,2.6000,"2,468,200"
2024-03-04,2.6100,2.7650,2.5500,2.6900,2.6900,"3,687,700"
2024-03-01,2.6500,2.6500,2.5330,2.6000,2.6000,"2,198,700"
2024-02-29,2.5500,2.6500,2.5450,2.6000,2.6000,"3,933,900"
2024-02-28,2.5700,2.6000,2.5000,2.5200,2.5200,"1,962,300"
2024-02-27,2.5200,2.6000,2.5200,2.5800,2.5800,"3,349,300"
2024-02-26,2.5300,2.5900,2.4500,2.5000,2.5000,"3,913,900"
2024-02-23,2.5000,2.6300,2.4450,2.5500,2.5500,"2,585,000"
2024-02-22,2.5700,2.5700,2.4700,2.4900,2.4900,"2,558,700"
2024-02-21,2.6100,2.6250,2.5200,2.5700,2.5700,"3,157,700"
2024-02-20,2.6800,2.7500,2.6400,2.6400,2.6400,"2,201,100"
2024-02-16,2.7600,2.7900,2.6800,2.7300,2.7300,"2,086,600"
2024-02-15,2.7200,2.8300,2.7200,2.7900,2.7900,"3,553,800"
2024-02-14,2.5900,2.6700,2.5600,2.6700,2.6700,"3,240,800"
2024-02-13,2.6000,2.6200,2.4900,2.5600,2.5600,"3,248,500"
2024-02-12,2.6000,2.7700,2.6000,2.7000,2.7000,"2,276,000"
2024-02-09,2.5600,2.6500,2.5300,2.6200,2.6200,"2,083,900"
2024-02-08,2.5200,2.6100,2.4700,2.5500,2.5500,"2,286,300"
2024-02-07,2.5200,2.5400,2.4300,2.5200,2.5200,"2,730,900"
2024-02-06,2.4000,2.5300,2.3600,2.5100,2.5100,"2,612,900"
2024-02-05,2.4200,2.4600,2.3600,2.4000,2.4000,"3,714,100"
2024-02-02,2.4600,2.4800,2.3400,2.4800,2.4800,"5,243,000"
2024-02-01,2.4300,2.5300,2.4000,2.4800,2.4800,"3,913,000"
2024-01-31,2.5100,2.5480,2.3800,2.3900,2.3900,"3,569,500"
2024-01-30,2.5400,2.6000,2.4600,2.5200,2.5200,"3,555,000"
2024-01-29,2.5000,2.5800,2.4000,2.5500,2.5500,"3,366,300"
2024-01-26,2.4900,2.7100,2.4900,2.5000,2.5000,"5,371,400"
2024-01-25,2.5200,2.5790,2.4700,2.4800,2.4800,"3,075,400"
2024-01-24,2.6900,2.6900,2.4800,2.4900,2.4900,"3,477,000"
2024-01-23,2.7300,2.8600,2.6400,2.6400,2.6400,"4,223,500"
2024-01-22,2.5800,2.7400,2.5300,2.7100,2.7100,"3,631,100"
2024-01-19,2.6700,2.6800,2.5500,2.5500,2.5500,"3,770,200"
2024-01-18,2.6600,2.7400,2.6300,2.6500,2.6500,"4,756,100"
2024-01-17,2.7100,2.7400,2.6200,2.6400,2.6400,"4,023,100"
2024-01-16,2.8400,2.9000,2.7000,2.7600,2.7600,"4,041,700"
2024-01-12,2.9700,3.0100,2.8400,2.8600,2.8600,"6,080,300"
2024-01-11,2.9100,2.9400,2.8250,2.9300,2.9300,"3,499,000"
2024-01-10,2.9400,2.9500,2.8600,2.9500,2.9500,"3,100,000"
2024-01-09,2.8900,2.9500,2.8000,2.9400,2.9400,"6,478,300"
2024-01-08,2.9500,2.9900,2.8500,2.9100,2.9100,"6,964,200"
2024-01-05,2.8700,3.0800,2.8000,2.9700,2.9700,"5,734,300"
2024-01-04,2.9000,2.9280,2.8200,2.8900,2.8900,"9,491,000"
2024-01-03,3.0800,3.0900,2.8650,2.9200,2.9200,"6,507,200"
2024-01-02,3.1100,3.2750,3.0400,3.1600,3.1600,"4,660,300"
2023-12-29,3.2800,3.2800,3.1600,3.1600,3.1600,"2,606,800"
2023-12-28,3.1700,3.2800,3.1200,3.2700,3.2700,"5,128,800"
2023-12-27,3.1200,3.2550,3.0400,3.1900,3.1900,"4,177,500"
2023-12-26,3.0100,3.1950,2.9600,3.0800,3.0800,"4,036,300"
2023-12-22,3.0000,3.1000,2.9600,3.0000,3.0000,"3,846,900"
2023-12-21,2.9500,3.0600,2.9500,3.0500,3.0500,"4,165,900"
2023-12-20,3.0400,3.0900,2.8800,2.8900,2.8900,"5,467,100"
2023-12-19,2.9000,3.0700,2.8800,3.0400,3.0400,"8,296,800"
2023-12-18,3.1000,3.1000,2.8600,2.8900,2.8900,"6,840,300"
2023-12-15,3.3100,3.4000,3.0200,3.0700,3.0700,"17,464,900"
2023-12-14,3.5800,3.7700,3.2400,3.2500,3.2500,"7,841,600"
2023-12-13,3.2400,3.5100,3.1350,3.4800,3.4800,"4,093,000"
2023-12-12,3.3200,3.3800,3.2300,3.2400,3.2400,"3,138,200"
2023-12-11,3.3500,3.4400,3.2550,3.3000,3.3000,"3,115,000"
2023-12-08,3.4200,3.4800,3.3000,3.3300,3.3300,"3,007,700"
2023-12-07,3.4600,3.5000,3.3300,3.4400,3.4400,"4,805,500"
2023-12-06,3.4100,3.6100,3.4000,3.4800,3.4800,"4,925,300"
2023-12-05,3.6800,3.7300,3.3600,3.3700,3.3700,"4,518,100"
2023-12-04,3.4100,3.6750,3.4100,3.6200,3.6200,"7,360,400"
2023-12-01,2.9200,3.4600,2.8590,3.4600,3.4600,"11,099,300"
2023-11-30,2.7400,3.0900,2.7210,3.0200,3.0200,"21,673,100"
2023-11-29,3.1600,3.3100,2.6300,2.7300,2.7300,"34,500,300"
2023-11-28,3.8400,3.8850,3.6300,3.8400,3.8400,"5,447,200"
2023-11-27,3.9300,3.9600,3.7300,3.7600,3.7600,"7,790,100"
2023-11-24,3.8700,4.0400,3.8500,4.0000,4.0000,"1,227,000"
2023-11-22,3.9700,4.0700,3.8550,3.8700,3.8700,"2,037,000"
2023-11-21,3.8400,3.9700,3.7800,3.8900,3.8900,"3,257,700"
2023-11-20,3.9700,4.0800,3.8550,3.9900,3.9900,"3,537,500"
2023-11-17,3.6500,3.9300,3.6050,3.9100,3.9100,"7,013,000"
2023-11-16,3.7400,3.7400,3.5900,3.6200,3.6200,"3,548,600"
2023-11-15,3.7800,4.0700,3.7300,3.7400,3.7400,"5,262,600"
2023-11-14,3.6700,3.8900,3.6700,3.7800,3.7800,"3,649,600"
2023-11-13,3.4700,3.5800,3.4200,3.5300,3.5300,"2,103,300"
2023-11-10,3.4600,3.5700,3.3850,3.5200,3.5200,"3,136,500"
2023-11-09,3.6100,3.6100,3.3900,3.4600,3.4600,"3,556,600"
2023-11-08,3.6600,3.7000,3.5300,3.5900,3.5900,"3,517,500"
2023-11-07,3.7200,3.8300,3.6300,3.6800,3.6800,"4,479,000"
2023-11-06,3.7900,3.8800,3.6700,3.7600,3.7600,"2,665,200"
2023-11-03,3.7500,3.9100,3.7200,3.8100,3.8100,"3,439,600"
2023-11-02,3.4500,3.6500,3.4200,3.6500,3.6500,"5,411,800"
2023-11-01,3.4700,3.5100,3.2000,3.3300,3.3300,"3,570,400"
2023-10-31,3.4000,3.4900,3.1600,3.4600,3.4600,"4,112,600"
2023-10-30,3.3300,3.5950,3.3300,3.4500,3.4500,"4,506,200"
2023-10-27,3.4700,3.4900,3.2700,3.2900,3.2900,"3,535,600"
2023-10-26,3.2300,3.4500,3.1950,3.4200,3.4200,"4,839,200"
2023-10-25,3.2100,3.2500,3.0600,3.2400,3.2400,"3,627,600"
2023-10-24,3.3300,3.4400,3.2200,3.2200,3.2200,"2,694,700"
2023-10-23,3.3600,3.4600,3.3100,3.3300,3.3300,"2,917,300"
2023-10-20,3.4100,3.5500,3.4100,3.4400,3.4400,"1,927,600"
2023-10-19,3.6400,3.6400,3.4400,3.4600,3.4600,"2,929,800"
2023-10-18,3.5900,3.6300,3.4500,3.5600,3.5600,"3,329,500"
2023-10-17,3.4300,3.6800,3.4100,3.6600,3.6600,"4,259,300"
2023-10-16,3.2100,3.5000,3.1800,3.4800,3.4800,"8,407,400"
2023-10-13,3.2900,3.3300,3.1500,3.1600,3.1600,"5,818,600"
2023-10-12,3.4000,3.4000,3.2000,3.2500,3.2500,"5,859,700"
2023-10-11,3.6500,3.7400,3.3900,3.4100,3.4100,"4,381,200"
2023-10-10,3.4000,3.7100,3.4000,3.6500,3.6500,"5,750,400"
2023-10-09,3.4800,3.5700,3.4200,3.4300,3.4300,"3,425,900"
2023-10-06,3.5200,3.5500,3.4100,3.5100,3.5100,"4,902,000"
2023-10-05,3.7400,3.8050,3.5600,3.5800,3.5800,"3,809,600"
2023-10-04,3.7500,3.8200,3.6800,3.7700,3.7700,"6,784,900"
2023-10-03,3.9400,3.9500,3.6600,3.7600,3.7600,"5,524,300"
2023-10-02,4.0600,4.1700,3.9500,3.9800,3.9800,"4,631,300"
2023-09-29,3.9600,4.1200,3.9600,4.0900,4.0900,"5,402,300"
2023-09-28,3.8400,3.9600,3.7700,3.9100,3.9100,"3,562,800"
2023-09-27,3.7400,3.8850,3.7200,3.8200,3.8200,"4,498,800"
2023-09-26,3.7600,3.8350,3.7200,3.7400,3.7400,"3,882,100"
2023-09-25,3.8700,3.9500,3.7650,3.8100,3.8100,"4,507,500"
2023-09-22,3.7800,3.9400,3.7500,3.9100,3.9100,"6,541,700"
2023-09-21,3.9400,3.9580,3.7700,3.7900,3.7900,"5,145,500"
2023-09-20,4.1600,4.1800,3.9800,3.9900,3.9900,"4,931,200"
2023-09-19,4.0700,4.1800,4.0300,4.1300,4.1300,"5,387,200"
2023-09-18,4.3100,4.3400,4.0300,4.0600,4.0600,"7,956,600"
2023-09-15,4.6000,4.6150,4.3000,4.3000,4.3000,"11,322,400"
2023-09-14,4.7800,4.7800,4.6030,4.6300,4.6300,"6,138,700"
2023-09-13,4.8500,4.8500,4.7200,4.7600,4.7600,"3,335,400"
2023-09-12,4.9000,4.9100,4.7800,4.7900,4.7900,"3,795,400"
2023-09-11,4.9800,5.0150,4.9100,4.9200,4.9200,"3,895,100"
2023-09-08,4.9700,4.9900,4.8500,4.9200,4.9200,"6,190,600"
2023-09-07,5.0000,5.0700,4.9100,4.9400,4.9400,"5,372,000"
2023-09-06,5.1000,5.2000,5.0300,5.0500,5.0500,"4,400,800"
2023-09-05,5.1100,5.2800,5.1100,5.1500,5.1500,"9,039,800"
2023-09-01,5.1000,5.2950,5.1000,5.1600,5.1600,"5,897,800"
2023-08-31,5.2400,5.2600,5.0300,5.0900,5.0900,"5,898,200"
2023-08-30,5.3600,5.4100,5.2300,5.2500,5.2500,"4,744,300"
2023-08-29,5.4200,5.5250,5.3600,5.4100,5.4100,"7,484,000"
2023-08-28,5.4700,5.6250,5.3450,5.4100,5.4100,"6,339,500"
2023-08-25,5.1200,5.4200,5.0000,5.4200,5.4200,"9,064,600"
2023-08-24,5.2500,5.4300,4.9900,5.1900,5.1900,"22,644,200"
2023-08-23,6.5800,6.7700,6.3350,6.5400,6.5400,"8,741,700"
2023-08-22,6.7200,6.7200,6.4600,6.6700,6.6700,"7,312,800"
2023-08-21,6.8500,6.8650,6.6600,6.7000,6.7000,"4,781,100"
2023-08-18,6.6000,6.8890,6.5800,6.8500,6.8500,"2,247,800"
2023-08-17,6.9400,6.9700,6.6800,6.7000,6.7000,"3,087,500"
2023-08-16,7.0000,7.0100,6.8200,6.8400,6.8400,"2,235,200"
2023-08-15,7.0800,7.0900,6.9050,7.0300,7.0300,"2,359,300"
2023-08-14,7.1100,7.1600,7.0110,7.1400,7.1400,"3,250,700"
2023-08-11,7.1200,7.2650,7.1200,7.1700,7.1700,"2,418,300"
2023-08-10,7.3100,7.4150,7.1600,7.2000,7.2000,"2,678,900"
2023-08-09,7.3200,7.4950,7.2130,7.2700,7.2700,"2,470,000"
2023-08-08,7.4000,7.4000,7.1700,7.2900,7.2900,"4,179,700"
2023-08-07,7.6000,7.6580,7.4100,7.4700,7.4700,"1,851,600"
2023-08-04,7.6600,7.8000,7.5200,7.6000,7.6000,"1,434,100"
2023-08-03,7.6000,7.6880,7.5600,7.6400,7.6400,"1,654,800"
2023-08-02,7.9300,7.9400,7.6000,7.6600,7.6600,"1,875,800"
2023-08-01,8.1300,8.1450,7.9050,7.9900,7.9900,"2,025,700"
2023-07-31,8.3400,8.4500,8.1350,8.1600,8.1600,"1,650,400"
2023-07-28,8.1300,8.4150,8.1200,8.2900,8.2900,"2,884,200"
2023-07-27,8.1100,8.1700,7.7850,8.0700,8.0700,"4,500,600"
2023-07-26,8.0000,8.1350,7.9300,8.0500,8.0500,"1,787,400"
2023-07-25,8.2200,8.2200,7.9800,8.0000,8.0000,"1,931,600"
2023-07-24,8.3800,8.4300,8.2100,8.2200,8.2200,"2,378,500"
2023-07-21,8.4500,8.4850,8.2750,8.3200,8.3200,"1,904,200"
2023-07-20,8.7100,8.7650,8.3200,8.3800,8.3800,"2,430,800"
2023-07-19,8.4400,8.7200,8.3100,8.7100,8.7100,"3,642,300"
2023-07-18,8.2900,8.4900,8.1900,8.2900,8.2900,"7,091,000"
2023-07-17,8.6800,8.7200,8.2600,8.3000,8.3000,"3,170,600"
2023-07-14,9.2100,9.2350,8.7700,8.7800,8.7800,"4,381,100"
2023-07-13,9.5100,9.5500,9.2300,9.2600,9.2600,"3,378,600"
2023-07-12,9.6500,9.7400,9.4650,9.4900,9.4900,"2,122,900"
2023-07-11,9.3100,9.5950,9.3100,9.4700,9.4700,"1,174,000"
2023-07-10,9.0800,9.3000,9.0600,9.2600,9.2600,"2,702,700"
2023-07-07,8.8100,9.2700,8.8100,9.1000,9.1000,"1,865,100"
2023-07-06,8.9400,8.9850,8.7200,8.7600,8.7600,"2,332,000"
2023-07-05,8.7500,9.0750,8.6300,9.0600,9.0600,"2,132,800"
2023-07-03,8.9000,9.0200,8.8350,8.8600,8.8600,"1,188,900"
2023-06-30,8.9100,8.9650,8.7000,8.9000,8.9000,"1,797,100"
2023-06-29,8.8100,9.0200,8.6350,8.7900,8.7900,"2,525,700"
2023-06-28,8.8500,8.9050,8.6700,8.7600,8.7600,"1,685,600"
2023-06-27,8.6500,8.9800,8.5600,8.9000,8.9000,"1,644,900"
2023-06-26,8.6900,8.8950,8.5900,8.6500,8.6500,"1,790,900"
2023-06-23,8.5800,8.8100,8.5450,8.7600,8.7600,"2,005,800"
2023-06-22,8.6300,8.6950,8.3400,8.6800,8.6800,"1,818,100"
2023-06-21,8.7400,8.8200,8.5600,8.6400,8.6400,"1,216,200"
2023-06-20,8.5200,8.8400,8.4650,8.7900,8.7900,"1,978,100"
2023-06-16,8.9100,8.9100,8.5050,8.6100,8.6100,"3,984,400"
2023-06-15,8.5000,8.9450,8.4700,8.8700,8.8700,"1,712,700"
2023-06-14,8.9500,9.0400,8.5450,8.5700,8.5700,"1,851,000"
2023-06-13,8.8300,8.9900,8.7600,8.8800,8.8800,"1,709,600"
2023-06-12,8.7500,8.8300,8.5290,8.7500,8.7500,"2,593,800"
2023-06-09,8.5000,8.8350,8.4850,8.7300,8.7300,"3,710,400"
2023-06-08,8.5700,8.5800,8.1250,8.5200,8.5200,"3,728,400"
2023-06-07,8.3000,8.6000,8.2000,8.5500,8.5500,"3,405,600"
2023-06-06,8.0000,8.2100,7.9100,8.1700,8.1700,"2,391,600"
2023-06-05,7.9200,8.1300,7.8200,8.0000,8.0000,"3,271,500"
2023-06-02,7.6800,8.0600,7.6700,7.9700,7.9700,"3,315,600"
2023-06-01,7.6500,7.7550,7.4500,7.5000,7.5000,"3,634,500"
2023-05-31,7.8200,7.9400,7.5500,7.6400,7.6400,"3,664,700"
2023-05-30,8.0700,8.1950,7.8200,7.8800,7.8800,"2,727,200"
2023-05-26,8.0000,8.1550,7.8600,8.0200,8.0200,"3,349,700"
2023-05-25,8.2200,8.3500,8.0000,8.0600,8.0600,"6,521,100"
2023-05-24,9.4810,9.6800,7.2900,8.3300,8.3300,"23,260,000"
2023-05-23,9.8400,10.3100,9.8200,10.1800,10.1800,"4,355,900"
2023-05-22,9.7400,10.2100,9.7200,9.9600,9.9600,"4,550,500"
2023-05-19,10.0800,10.0800,9.6050,9.7000,9.7000,"3,184,900"
2023-05-18,10.1300,10.3100,9.9600,10.1100,10.1100,"3,243,700"
2023-05-17,9.9100,10.2600,9.6800,10.1500,10.1500,"2,887,600"
2023-05-16,10.5300,10.5300,9.8300,9.8700,9.8700,"2,714,300"
2023-05-15,10.7300,10.7300,10.4500,10.6900,10.6900,"1,809,600"
2023-05-12,10.6000,10.7600,10.4500,10.7300,10.7300,"4,025,000"
2023-05-11,10.1900,10.5800,10.1150,10.5700,10.5700,"2,264,800"
2023-05-10,10.1000,10.2200,9.8200,10.1600,10.1600,"2,121,200"
2023-05-09,10.1000,10.1700,9.9200,9.9500,9.9500,"1,820,600"
2023-05-08,10.1200,10.3100,9.7800,10.2000,10.2000,"2,036,300"
2023-05-05,10.2800,10.4000,10.0750,10.1200,10.1200,"2,483,300"
2023-05-04,10.0200,10.2700,9.8800,10.1400,10.1400,"2,232,800"
2023-05-03,9.8700,10.4400,9.7950,10.1800,10.1800,"2,143,100"
2023-05-02,9.8300,9.9200,9.6100,9.9000,9.9000,"1,334,700"
2023-05-01,9.9300,9.9300,9.6900,9.8700,9.8700,"1,462,700"
2023-04-28,9.6800,10.0700,9.6400,9.9600,9.9600,"2,250,100"
2023-04-27,9.6700,9.7600,9.5250,9.7300,9.7300,"1,379,400"
2023-04-26,9.4100,9.7150,9.3500,9.6000,9.6000,"1,316,100"
2023-04-25,9.8200,9.8200,9.3700,9.4200,9.4200,"1,751,700"
2023-04-24,9.6500,9.9100,9.5700,9.9000,9.9000,"1,627,800"
2023-04-21,9.7800,9.8900,9.6250,9.6800,9.6800,"1,248,900"
2023-04-20,9.6400,9.9000,9.5900,9.8100,9.8100,"1,557,900"
2023-04-19,9.4500,9.7200,9.3800,9.7200,9.7200,"2,009,300"
2023-04-18,9.6800,9.7700,9.4700,9.6300,9.6300,"3,500,400"
2023-04-17,9.6000,9.8800,9.5200,9.6300,9.6300,"3,515,000"
2023-04-14,9.3500,9.6700,9.3300,9.5400,9.5400,"2,319,500"
2023-04-13,9.3300,9.4300,9.2200,9.3400,9.3400,"1,728,100"
2023-04-12,9.3500,9.3790,9.1050,9.2400,9.2400,"2,137,200"
2023-04-11,9.1100,9.3100,9.0500,9.2400,9.2400,"2,486,900"
2023-04-10,8.5300,9.1000,8.5300,9.0600,9.0600,"3,065,800"
2023-04-06,8.6000,8.8150,8.4800,8.5900,8.5900,"5,910,100"
2023-04-05,8.7000,8.7100,8.3100,8.5300,8.5300,"3,898,100"
2023-04-04,8.9100,8.9100,8.5610,8.8100,8.8100,"1,764,400"
2023-04-03,9.0500,9.1200,8.6200,8.8100,8.8100,"3,383,400"
2023-03-31,8.9600,9.0900,8.8800,9.0000,9.0000,"2,256,700"
2023-03-30,9.0400,9.1200,8.8350,8.8500,8.8500,"2,527,100"
2023-03-29,8.8300,9.0500,8.7000,8.9500,8.9500,"5,508,800"
2023-03-28,7.9500,8.4750,7.9450,8.4700,8.4700,"4,466,300"
2023-03-27,7.8100,8.1250,7.7400,8.0200,8.0200,"4,642,500"
2023-03-24,8.0000,8.1000,7.5900,7.7400,7.7400,"9,813,600"
2023-03-23,8.4400,8.5850,8.0600,8.1000,8.1000,"6,686,800"
2023-03-22,9.4800,9.6500,8.3700,8.3900,8.3900,"16,262,100"
2023-03-21,9.9300,10.3950,9.9300,10.1700,10.1700,"2,965,300"
2023-03-20,9.8100,10.0200,9.7100,9.8200,9.8200,"2,832,300"
2023-03-17,9.9500,10.0800,9.8000,9.8100,9.8100,"3,104,800"
2023-03-16,9.7700,10.5500,9.6600,10.2000,10.2000,"2,925,000"
2023-03-15,9.1100,9.9050,9.0500,9.8000,9.8000,"2,715,700"
2023-03-14,9.7800,9.9000,9.1600,9.4000,9.4000,"3,732,400"
2023-03-13,9.6100,10.0650,9.3100,9.5900,9.5900,"4,093,600"
2023-03-10,9.9700,10.1300,9.6100,10.0500,10.0500,"4,229,100"
2023-03-09,10.4700,10.5150,9.9400,9.9700,9.9700,"2,173,800"
2023-03-08,10.2900,10.5400,10.2200,10.5000,10.5000,"1,563,000"
2023-03-07,10.1600,10.3550,10.0200,10.3300,10.3300,"1,558,700"
2023-03-06,10.4300,10.4300,10.0400,10.0600,10.0600,"2,576,800"
2023-03-03,10.3400,10.5250,10.2300,10.3200,10.3200,"1,616,700"
2023-03-02,10.1400,10.3100,10.0900,10.2000,10.2000,"958,000"
2023-03-01,10.1900,10.3400,10.1150,10.3000,10.3000,"1,166,500"
2023-02-28,10.4900,10.6400,10.2800,10.3000,10.3000,"1,138,200"
2023-02-27,10.8400,10.8600,10.3700,10.4600,10.4600,"1,319,400"
2023-02-24,10.6300,10.7700,10.4400,10.6800,10.6800,"843,100"
2023-02-23,10.7700,10.9600,10.5300,10.9300,10.9300,"1,444,100"
2023-02-22,10.7000,10.8900,10.4400,10.6800,10.6800,"1,341,600"
2023-02-21,10.6500,10.7100,10.4800,10.6700,10.6700,"1,794,400"
2023-02-17,10.8400,10.8650,10.6490,10.8300,10.8300,"988,900"
2023-02-16,11.0200,11.2100,10.8900,10.9100,10.9100,"1,364,900"
2023-02-15,10.9100,11.3550,10.8750,11.2800,11.2800,"1,220,800"
2023-02-14,11.0900,11.2400,10.8450,10.9300,10.9300,"1,688,500"
2023-02-13,11.1000,11.3200,10.9700,11.2000,11.2000,"1,279,900"
2023-02-10,11.0300,11.1600,10.9300,11.1000,11.1000,"839,900"
2023-02-09,11.4500,11.5210,11.1150,11.1400,11.1400,"1,143,700"
2023-02-08,11.4500,11.4800,11.1700,11.3200,11.3200,"1,046,900"
2023-02-07,11.2300,11.6200,10.9650,11.5800,11.5800,"2,139,800"
2023-02-06,11.6800,11.7100,11.1400,11.3600,11.3600,"2,515,800"
2023-02-03,11.9200,12.3000,11.7600,11.8900,11.8900,"1,387,500"
2023-02-02,12.4800,12.5750,12.1050,12.2700,12.2700,"3,292,700"
2023-02-01,11.6000,12.1600,11.5300,12.0900,12.0900,"1,411,400"
2023-01-31,11.4000,11.7000,11.3550,11.6900,11.6900,"1,487,300"
2023-01-30,11.5500,11.7400,11.3300,11.3700,11.3700,"1,622,900"
2023-01-27,11.2000,11.9150,11.0600,11.7400,11.7400,"1,648,500"
2023-01-26,11.1300,11.3300,10.9450,11.1000,11.1000,"959,600"
2023-01-25,10.8000,11.1400,10.6600,10.9700,10.9700,"1,686,300"
2023-01-24,11.1000,11.2000,10.8750,10.9200,10.9200,"1,533,100"
2023-01-23,10.9000,11.2900,10.8750,11.1300,11.1300,"1,939,800"
2023-01-20,10.6600,10.9350,10.4550,10.8800,10.8800,"1,833,300"
2023-01-19,10.2400,10.6150,10.1100,10.5800,10.5800,"1,872,500"
2023-01-18,10.8000,11.2050,10.3800,10.4000,10.4000,"2,005,900"
2023-01-17,10.3000,10.7900,10.1900,10.7700,10.7700,"1,768,400"
2023-01-13,10.4100,10.5600,10.3250,10.3600,10.3600,"901,800"
2023-01-12,10.8400,10.9600,10.4950,10.5700,10.5700,"1,711,800"
2023-01-11,10.4900,10.7700,10.4200,10.6900,10.6900,"1,632,300"
2023-01-10,10.0600,10.3400,10.0200,10.3400,10.3400,"1,278,200"
2023-01-09,9.9800,10.3900,9.9100,10.1200,10.1200,"1,763,400"
2023-01-06,9.5100,9.9400,9.3600,9.8900,9.8900,"1,209,300"
2023-01-05,9.6600,9.6650,9.3700,9.4400,9.4400,"1,623,500"
2023-01-04,9.3450,9.8700,9.2700,9.7700,9.7700,"1,688,500"
2023-01-03,9.6800,9.7400,9.1250,9.2000,9.2000,"1,895,400"
2022-12-30,9.2300,9.4900,9.1800,9.4800,9.4800,"1,422,400"
2022-12-29,9.1000,9.4450,9.0800,9.4200,9.4200,"1,360,300"
2022-12-28,9.0300,9.1700,8.9150,9.0100,9.0100,"1,775,400"
2022-12-27,9.3200,9.3300,9.0300,9.0900,9.0900,"1,504,300"
2022-12-23,8.9500,9.3300,8.9000,9.3100,9.3100,"1,818,900"
2022-12-22,9.0800,9.0800,8.7200,9.0000,9.0000,"1,953,600"
2022-12-21,9.3800,9.5700,9.2050,9.2200,9.2200,"1,957,300"
2022-12-20,9.8100,9.9600,9.2250,9.3400,9.3400,"3,828,000"
2022-12-19,9.7000,9.9100,9.4400,9.8600,9.8600,"2,745,500"
2022-12-16,9.9700,10.0600,9.4650,9.7600,9.7600,"2,901,100"
2022-12-15,10.3400,10.4000,10.0700,10.0700,10.0700,"1,481,600"
2022-12-14,10.6900,10.8000,10.3850,10.5800,10.5800,"2,123,200"
2022-12-13,11.1300,11.2050,10.5900,10.7000,10.7000,"2,410,200"
2022-12-12,10.5000,10.6300,10.4000,10.5800,10.5800,"1,446,500"
2022-12-09,10.5200,10.6800,10.3900,10.5100,10.5100,"1,761,200"
2022-12-08,10.3400,10.7450,10.3100,10.5900,10.5900,"2,310,500"
2022-12-07,10.2100,10.4650,10.1650,10.2700,10.2700,"2,181,100"
2022-12-06,11.0200,11.0800,10.0450,10.2400,10.2400,"3,072,700"
2022-12-05,11.1200,11.3750,10.9600,10.9800,10.9800,"2,249,400"
2022-12-02,10.9500,11.5950,10.8700,11.2100,11.2100,"4,742,800"
2022-12-01,10.9800,11.2200,10.7100,11.0900,11.0900,"4,280,700"
2022-11-30,10.6500,11.1800,10.1800,11.0400,11.0400,"12,466,100"
2022-11-29,9.6700,9.8470,9.3200,9.4900,9.4900,"5,213,000"
2022-11-28,9.8800,10.1000,9.6000,9.6700,9.6700,"2,554,000"
2022-11-25,9.8700,10.1100,9.8500,9.9000,9.9000,"847,500"
2022-11-23,9.7600,9.9400,9.6550,9.9200,9.9200,"1,953,600"
2022-11-22,9.6800,9.7800,9.4300,9.7300,9.7300,"3,069,100"
2022-11-21,9.5700,9.6050,9.3000,9.5800,9.5800,"2,559,600"
2022-11-18,9.8000,10.0150,9.3300,9.6100,9.6100,"2,571,700"
2022-11-17,9.9000,9.9800,9.4350,9.6100,9.6100,"3,564,700"
2022-11-16,10.3300,10.4600,10.0300,10.1000,10.1000,"2,918,100"
2022-11-15,10.6400,10.7850,10.3950,10.5500,10.5500,"6,245,100"
2022-11-14,11.4900,11.5900,10.3000,10.3800,10.3800,"4,248,200"
2022-11-11,10.7700,12.0000,10.7000,11.5800,11.5800,"3,711,100"
2022-11-10,10.4800,11.1300,10.4700,10.7000,10.7000,"3,135,500"
2022-11-09,10.3600,10.4860,9.8100,9.9200,9.9200,"2,229,700"
2022-11-08,10.4400,10.5100,10.2200,10.4600,10.4600,"2,157,700"
2022-11-07,10.1200,10.4300,9.8800,10.3200,10.3200,"1,664,400"
2022-11-04,10.1200,10.1300,9.6100,10.0600,10.0600,"1,802,000"
2022-11-03,10.1200,10.2600,9.8850,9.9400,9.9400,"2,732,100"
2022-11-02,10.5200,10.7900,10.2450,10.2600,10.2600,"1,231,800"
2022-11-01,10.7600,11.0000,10.4300,10.5800,10.5800,"861,900"
2022-10-31,10.5700,10.8100,10.5300,10.5300,10.5300,"1,652,500"
2022-10-28,10.1300,10.7400,10.0300,10.6200,10.6200,"1,739,400"
2022-10-27,10.3500,10.4990,10.0800,10.1500,10.1500,"1,393,000"
2022-10-26,10.4900,10.8200,10.2800,10.3000,10.3000,"2,434,800"
2022-10-25,9.6700,10.5800,9.6700,10.5000,10.5000,"3,021,000"
2022-10-24,9.4000,9.7500,9.1400,9.6400,9.6400,"1,941,400"
2022-10-21,9.3300,9.5100,9.1600,9.3600,9.3600,"1,984,700"
2022-10-20,9.8500,9.9500,9.2700,9.3800,9.3800,"2,677,600"
2022-10-19,10.1600,10.1900,9.5880,9.8300,9.8300,"3,636,600"
2022-10-18,10.9700,11.2300,10.6200,10.6600,10.6600,"1,060,900"
2022-10-17,10.6500,10.8700,10.6200,10.6500,10.6500,"1,174,600"
2022-10-14,10.6400,10.8400,10.2650,10.4000,10.4000,"1,378,700"
2022-10-13,10.3100,10.7900,9.9900,10.5600,10.5600,"1,647,800"
2022-10-12,10.7100,10.7750,10.4500,10.5900,10.5900,"1,152,700"
2022-10-11,10.5800,11.0800,10.5300,10.7400,10.7400,"1,500,000"
2022-10-10,10.8000,10.9500,10.4700,10.6400,10.6400,"1,334,100"
2022-10-07,11.3300,11.3300,10.6850,10.8100,10.8100,"2,819,700"
2022-10-06,11.4700,11.7500,11.3200,11.5000,11.5000,"2,020,200"
2022-10-05,12.0200,12.0500,11.4950,11.5700,11.5700,"2,127,800"
2022-10-04,11.8500,12.2400,11.8100,12.1700,12.1700,"2,626,100"
2022-10-03,11.3500,11.7900,11.1400,11.6300,11.6300,"1,434,700"
2022-09-30,11.4800,11.6600,10.6300,11.1600,11.1600,"2,882,200"
2022-09-29,12.0900,12.1700,11.4800,11.5300,11.5300,"1,633,400"
2022-09-28,11.8700,12.4400,11.7400,12.2700,12.2700,"1,577,800"
2022-09-27,11.6800,12.1300,11.5700,11.9000,11.9000,"2,057,600"
2022-09-26,12.0100,12.4300,11.5550,11.5700,11.5700,"1,893,100"
2022-09-23,12.3100,12.4000,11.6950,11.9700,11.9700,"3,566,400"
2022-09-22,13.0900,13.1600,12.2600,12.4500,12.4500,"5,179,900"
2022-09-21,13.6600,13.8900,13.1700,13.1900,13.1900,"2,100,300"
2022-09-20,14.2800,14.2800,13.4500,13.6200,13.6200,"1,676,800"
2022-09-19,14.2100,14.5050,14.1800,14.4400,14.4400,"1,812,700"
2022-09-16,14.5600,14.5900,14.3300,14.4100,14.4100,"2,057,000"
2022-09-15,14.8000,14.9900,14.4700,14.7600,14.7600,"1,598,300"
2022-09-14,15.0800,15.0800,14.6150,14.7600,14.7600,"1,648,500"
2022-09-13,15.3500,15.3950,14.8200,15.0000,15.0000,"1,539,000"
2022-09-12,15.6700,15.8500,15.4300,15.7800,15.7800,"1,029,100"
2022-09-09,15.5200,15.6300,15.2700,15.5000,15.5000,"1,332,700"
2022-09-08,15.0700,15.4700,14.7600,15.4300,15.4300,"1,605,000"
2022-09-07,14.7800,15.4600,14.7700,15.2100,15.2100,"1,599,900"
2022-09-06,14.6300,14.6400,14.2400,14.5000,14.5000,"1,349,100"
2022-09-02,15.3400,15.3400,14.5850,14.6300,14.6300,"1,418,400"
2022-09-01,14.7500,15.2700,14.7150,15.1400,15.1400,"1,500,200"
2022-08-31,15.0700,15.1200,14.8250,14.9200,14.9200,"2,677,000"
2022-08-30,15.1900,15.4100,14.7500,14.9400,14.9400,"1,712,500"
2022-08-29,15.0100,15.3450,14.8660,15.0000,15.0000,"2,333,400"
2022-08-26,15.2300,15.7200,14.8200,15.1100,15.1100,"2,230,300"
2022-08-25,14.3400,15.4900,14.3200,15.2300,15.2300,"3,897,600"
2022-08-24,14.5200,15.5200,14.2050,14.3400,14.3400,"9,570,700"
2022-08-23,15.9100,16.2400,15.6300,15.7300,15.7300,"4,299,400"
2022-08-22,15.7800,15.8350,15.5700,15.7000,15.7000,"2,039,800"
2022-08-19,16.7200,16.7200,15.7150,15.8800,15.8800,"3,226,900"
2022-08-18,16.5500,16.9200,16.4300,16.7300,16.7300,"1,992,200"
2022-08-17,16.3500,17.1100,16.1400,16.8200,16.8200,"2,213,200"
2022-08-16,16.1000,17.1000,16.1000,16.5200,16.5200,"3,064,700"
2022-08-15,15.7600,16.1800,15.6800,16.1400,16.1400,"2,163,700"
2022-08-12,15.7100,15.7900,15.1700,15.7800,15.7800,"2,147,100"
2022-08-11,15.5200,16.0750,15.4900,15.5400,15.5400,"1,910,200"
2022-08-10,15.3700,15.9200,15.2300,15.2800,15.2800,"1,604,800"
2022-08-09,15.8800,15.9380,14.8100,15.0700,15.0700,"2,673,000"
2022-08-08,15.0000,16.8800,14.9750,16.0000,16.0000,"5,421,000"
2022-08-05,13.9700,14.8500,13.8410,14.8000,14.8000,"2,017,400"
2022-08-04,14.2900,14.4000,14.1150,14.1700,14.1700,"1,109,800"
2022-08-03,14.0000,14.3300,13.8250,14.2600,14.2600,"2,068,400"
2022-08-02,13.9900,14.0600,13.8100,13.8700,13.8700,"2,118,200"
2022-08-01,13.8600,14.3500,13.6840,14.0500,14.0500,"1,625,300"
2022-07-29,14.0400,14.0400,13.6000,13.9200,13.9200,"1,262,000"
2022-07-28,13.6400,14.0400,13.2500,13.9700,13.9700,"2,177,100"
2022-07-27,13.5700,13.6750,12.8800,13.6500,13.6500,"4,404,800"
2022-07-26,14.0300,14.1000,13.1200,13.4400,13.4400,"2,866,000"
2022-07-25,14.8300,14.8400,14.1450,14.3400,14.3400,"1,838,900"
2022-07-22,14.7500,15.0500,14.4500,14.7300,14.7300,"1,312,800"
2022-07-21,14.7400,14.7600,14.4200,14.7500,14.7500,"1,843,600"
2022-07-20,14.6400,15.0050,14.5300,14.7000,14.7000,"2,187,700"
2022-07-19,14.4600,14.7200,14.0500,14.5600,14.5600,"2,415,700"
2022-07-18,14.0400,14.5700,14.0400,14.2100,14.2100,"1,792,300"
2022-07-15,14.4700,14.4900,13.7350,13.9100,13.9100,"2,779,400"
2022-07-14,14.5100,14.6200,13.8400,14.1600,14.1600,"2,314,500"
2022-07-13,14.8200,14.9150,14.3200,14.6000,14.6000,"2,868,500"
2022-07-12,15.4400,15.4700,14.8400,15.0600,15.0600,"1,550,700"
2022-07-11,16.0400,16.1300,15.3200,15.3700,15.3700,"1,839,800"
2022-07-08,15.8000,16.1700,15.5700,16.0100,16.0100,"1,130,800"
2022-07-07,15.7400,15.9950,15.6700,15.9100,15.9100,"1,377,200"
2022-07-06,15.7900,16.0300,15.6050,15.7300,15.7300,"1,256,900"
2022-07-05,15.0000,16.0200,14.6500,15.8100,15.8100,"1,607,700"
2022-07-01,14.7900,15.1860,14.7000,15.1100,15.1100,"1,037,700"
2022-06-30,14.9200,15.0200,14.5400,14.7400,14.7400,"1,658,700"
2022-06-29,15.5400,15.6200,14.9000,15.1300,15.1300,"2,808,000"
2022-06-28,16.4700,16.7500,15.5900,15.6200,15.6200,"1,992,400"
2022-06-27,17.0700,17.1200,16.4650,16.4900,16.4900,"1,677,800"
2022-06-24,16.5100,17.1650,16.4600,17.0700,17.0700,"2,942,200"
2022-06-23,15.8200,16.4350,15.8200,16.4000,16.4000,"1,272,300"
2022-06-22,15.7600,16.1700,15.7000,15.8200,15.8200,"1,538,100"
2022-06-21,16.1500,16.5500,16.0200,16.0500,16.0500,"1,400,400"
2022-06-17,15.5900,16.1700,15.5900,16.0000,16.0000,"2,344,100"
2022-06-16,15.8700,16.1500,15.4400,15.5500,15.5500,"1,986,900"
2022-06-15,15.8400,16.5900,15.8100,16.2600,16.2600,"2,559,200"
2022-06-14,15.8000,16.1000,15.4300,15.6900,15.6900,"2,824,500"
2022-06-13,15.2520,15.7550,15.1400,15.6200,15.6200,"1,708,600"
2022-06-10,15.8000,15.9800,15.4400,15.6900,15.6900,"1,477,900"
2022-06-09,16.0000,16.2900,15.9200,16.0900,16.0900,"1,868,900"
2022-06-08,16.2000,16.5150,16.0430,16.0800,16.0800,"1,983,500"
2022-06-07,15.9600,16.4100,15.8500,16.3000,16.3000,"1,916,800"
2022-06-06,16.1300,16.3900,15.9600,16.2200,16.2200,"1,713,400"
2022-06-03,15.8800,16.6400,15.8100,16.0800,16.0800,"2,978,700"
2022-06-02,15.8000,16.1600,15.6600,16.1200,16.1200,"2,624,900"
2022-06-01,16.0100,16.0500,15.4700,15.6300,15.6300,"3,875,300"
2022-05-31,16.5000,16.5000,15.8300,15.9600,15.9600,"2,748,900"
2022-05-27,15.9800,16.4890,15.9350,16.4600,16.4600,"2,835,300"
2022-05-26,15.6900,16.5800,15.5600,16.0100,16.0100,"5,223,000"
2022-05-25,15.0000,15.8700,14.7600,15.3400,15.3400,"5,372,200"
2022-05-24,15.6900,15.7000,13.7100,15.1400,15.1400,"12,753,800"
2022-05-23,15.1900,15.2900,14.4100,14.6000,14.6000,"6,928,100"
2022-05-20,16.7500,16.7500,14.3820,15.1100,15.1100,"11,325,000"
2022-05-19,16.2800,17.5900,16.1550,16.7700,16.7700,"5,779,600"
2022-05-18,18.6900,18.7000,15.7020,16.3700,16.3700,"13,799,300"
2022-05-17,18.5400,19.2700,18.0600,19.2200,19.2200,"5,891,200"
2022-05-16,18.3300,18.5600,17.9400,18.3600,18.3600,"4,809,500"
2022-05-13,18.4400,18.9000,18.3900,18.6400,18.6400,"1,416,100"
2022-05-12,17.7100,18.7400,17.5900,18.2300,18.2300,"2,712,900"
2022-05-11,18.9700,19.0200,17.8300,17.9000,17.9000,"2,345,500"
2022-05-10,19.5600,19.8000,18.0300,18.8800,18.8800,"2,564,200"
2022-05-09,20.1000,20.3700,19.2250,19.3600,19.3600,"3,215,600"
2022-05-06,19.9500,20.6200,19.7200,20.2900,20.2900,"2,134,100"
2022-05-05,20.0700,20.3200,19.7250,20.2900,20.2900,"4,246,200"
2022-05-04,19.9300,20.4700,19.6000,20.3700,20.3700,"2,266,900"
2022-05-03,19.0200,20.0800,18.7900,19.9400,19.9400,"1,483,500"
2022-05-02,19.1400,19.3700,18.4500,19.0500,19.0500,"2,446,800"
2022-04-29,20.4400,20.7200,19.1700,19.2600,19.2600,"1,860,800"
2022-04-28,20.6400,20.7200,20.0100,20.6800,20.6800,"2,029,800"
2022-04-27,21.0600,21.2800,20.4480,20.5400,20.5400,"969,900"
2022-04-26,21.9000,22.0200,20.9400,21.0600,21.0600,"1,806,500"
2022-04-25,21.2600,22.2000,21.0100,22.1000,22.1000,"1,695,600"
2022-04-22,21.3900,21.4370,21.0000,21.3900,21.3900,"1,463,700"
2022-04-21,22.2800,22.3000,21.3900,21.4500,21.4500,"2,086,400"
2022-04-20,22.5400,22.6000,22.0500,22.0900,22.0900,"1,572,600"
2022-04-19,21.5800,22.7500,21.5800,22.4000,22.4000,"1,983,700"
2022-04-18,21.7800,22.1700,21.4900,21.7200,21.7200,"2,032,000"
2022-04-14,21.4700,22.4650,21.2300,21.8400,21.8400,"2,189,400"
2022-04-13,20.6200,21.7700,20.6200,21.4000,21.4000,"1,902,000"
2022-04-12,20.9000,21.3200,20.6100,20.6400,20.6400,"1,150,100"
2022-04-11,20.6500,20.9800,20.4400,20.6700,20.6700,"1,559,100"
2022-04-08,20.0800,20.9900,19.8900,20.8600,20.8600,"1,735,300"
2022-04-07,19.8500,20.2600,19.6200,20.1500,20.1500,"1,013,200"
2022-04-06,19.9700,20.0400,19.5500,19.9900,19.9900,"915,400"
2022-04-05,20.2300,20.5400,19.9800,20.1100,20.1100,"1,075,300"
2022-04-04,20.1900,20.6200,19.8400,20.3400,20.3400,"1,417,000"
2022-04-01,19.7000,20.2000,19.5500,20.0800,20.0800,"1,260,900"
2022-03-31,19.8000,19.8120,19.3300,19.5700,19.5700,"1,445,400"
2022-03-30,20.1200,20.3070,19.6850,19.7300,19.7300,"1,470,900"
2022-03-29,19.9800,20.7500,19.8700,20.5000,20.5000,"2,005,700"
2022-03-28,19.7400,19.9100,19.2400,19.5400,19.5400,"1,310,700"
2022-03-25,19.8900,19.8900,19.4900,19.7400,19.7400,"1,025,100"
2022-03-24,19.6200,19.9900,19.3800,19.8100,19.8100,"1,500,600"
2022-03-23,19.6700,19.6700,19.1000,19.4500,19.4500,"1,751,400"
2022-03-22,19.4400,19.8490,19.3400,19.7100,19.7100,"1,803,300"
2022-03-21,19.7700,19.8500,19.0100,19.3900,19.3900,"1,140,400"
2022-03-18,19.5300,19.8500,19.3600,19.5900,19.5900,"2,382,600"
2022-03-17,19.2200,19.8600,19.0000,19.7700,19.7700,"1,159,100"
2022-03-16,18.9000,19.3600,18.5900,19.3000,19.3000,"1,814,200"
2022-03-15,18.3700,19.4000,18.3550,18.8800,18.8800,"3,103,300"
2022-03-14,18.5800,19.2100,18.2000,18.3700,18.3700,"1,773,700"
2022-03-11,19.0400,19.0500,18.3900,18.4300,18.4300,"1,894,000"
2022-03-10,18.9800,19.0500,18.5600,18.8800,18.8800,"2,132,600"
2022-03-09,19.6400,19.9300,19.0200,19.1200,19.1200,"2,575,700"
2022-03-08,18.2800,19.6800,17.7500,19.1100,19.1100,"4,784,900"
2022-03-07,18.4100,18.7100,17.6800,17.6900,17.6900,"3,246,900"
2022-03-04,18.0600,18.4400,17.5200,18.2400,18.2400,"2,438,800"
2022-03-03,18.2100,18.2700,17.4700,18.0200,18.0200,"1,559,500"
2022-03-02,18.0100,18.2200,17.3800,18.1500,18.1500,"1,820,200"
2022-03-01,17.5700,18.1800,17.5100,17.9000,17.9000,"1,642,100"
2022-02-28,17.4400,18.0250,17.3300,17.5200,17.5200,"1,178,100"
2022-02-25,17.6100,17.7900,17.1700,17.6100,17.6100,"1,130,000"
2022-02-24,16.5900,17.6900,16.2200,17.6200,17.6200,"1,377,400"
2022-02-23,17.6300,17.7850,17.1500,17.1800,17.1800,"1,788,400"
2022-02-22,18.1700,18.4300,17.2100,17.3200,17.3200,"2,591,300"
2022-02-18,18.2900,18.4900,17.7700,18.3400,18.3400,"2,349,000"
2022-02-17,19.1400,19.2900,18.2400,18.3300,18.3300,"1,281,600"
2022-02-16,19.6700,19.6900,19.3700,19.4900,19.4900,"1,269,500"
2022-02-15,19.4000,19.7200,19.2200,19.7000,19.7000,"1,172,900"
2022-02-14,19.3400,19.6700,19.1700,19.2100,19.2100,"729,800"
2022-02-11,19.7500,19.9400,19.2800,19.4400,19.4400,"978,600"
2022-02-10,19.5000,20.2400,19.3900,19.7500,19.7500,"1,059,800"
2022-02-09,19.3700,20.0500,19.3200,19.7000,19.7000,"3,095,900"
2022-02-08,18.5300,19.3150,18.3720,19.2200,19.2200,"1,534,100"
2022-02-07,18.3400,18.9100,18.3300,18.5200,18.5200,"921,100"
2022-02-04,18.0100,18.4300,17.6700,18.3600,18.3600,"1,043,900"
2022-02-03,18.3400,18.7000,18.0200,18.0900,18.0900,"1,949,800"
2022-02-02,19.0200,19.0330,18.3600,18.4800,18.4800,"940,000"
2022-02-01,18.6540,19.1710,18.3600,18.9700,18.9700,"1,985,200"
2022-01-31,18.2700,19.0900,18.2200,18.7500,18.7500,"1,407,300"
2022-01-28,17.7200,18.3000,17.5200,18.3000,18.3000,"1,310,000"
2022-01-27,17.7400,18.2000,17.5980,17.8600,17.8600,"2,298,300"
2022-01-26,18.2000,18.4700,17.3200,17.4300,17.4300,"1,431,700"
2022-01-25,17.7400,18.2050,17.5300,17.8400,17.8400,"1,178,600"
2022-01-24,17.4700,18.1600,17.1600,18.1100,18.1100,"2,177,400"
2022-01-21,17.5600,18.2400,17.5000,17.9600,17.9600,"3,394,900"
2022-01-20,17.8800,18.4350,17.5300,17.6200,17.6200,"1,698,300"
2022-01-19,17.8500,18.4000,17.4600,17.7400,17.7400,"2,045,600"
2022-01-18,18.0700,18.4100,17.8100,17.8200,17.8200,"2,127,800"
2022-01-14,18.7700,18.9300,17.9200,18.4700,18.4700,"2,589,800"
2022-01-13,19.0500,19.1600,18.4600,18.8400,18.8400,"2,002,300"
2022-01-12,19.4450,19.5500,18.8400,18.9900,18.9900,"1,642,600"
2022-01-11,18.1000,19.2700,18.0300,19.2700,19.2700,"2,035,400"
2022-01-10,18.3900,18.3900,17.0000,18.0500,18.0500,"4,015,500"
2022-01-07,18.6700,19.0800,18.5000,18.5100,18.5100,"2,222,200"
2022-01-06,18.9100,19.2700,18.4300,18.7200,18.7200,"3,514,400"
2022-01-05,19.1500,19.3800,18.6100,18.6200,18.6200,"2,790,000"
2022-01-04,20.1100,20.3300,19.1900,19.2100,19.2100,"1,542,400"
2022-01-03,19.8100,20.3000,19.6500,20.0200,20.0200,"791,100"
2021-12-31,19.4000,20.0500,19.2600,19.7900,19.7900,"1,454,900"
2021-12-30,19.5000,19.9400,19.4500,19.5100,19.5100,"1,027,200"
2021-12-29,19.5700,19.7400,19.4500,19.5000,19.5000,"779,700"
2021-12-28,19.6100,20.0000,19.5800,19.6300,19.6300,"2,367,000"
2021-12-27,19.7600,20.0300,19.5600,19.6100,19.6100,"1,070,500"
2021-12-23,19.5600,19.7600,19.1200,19.6900,19.6900,"1,690,600"
2021-12-22,19.5200,19.8850,19.4100,19.4500,19.4500,"1,152,900"
2021-12-21,19.3600,19.7800,19.3000,19.5900,19.5900,"1,328,200"
2021-12-20,19.6000,19.7200,18.8920,19.1300,19.1300,"1,763,500"
2021-12-17,19.2180,20.1200,18.7700,20.0300,20.0300,"2,394,100"
2021-12-16,19.3800,19.6800,18.9950,19.2000,19.2000,"2,158,000"
2021-12-15,19.1700,19.2300,18.4500,18.8500,18.8500,"1,681,000"
2021-12-14,19.2600,19.5000,19.0100,19.2300,19.2300,"1,330,700"
2021-12-13,19.8000,20.1200,18.9900,19.4200,19.4200,"2,024,100"
2021-12-10,20.2200,20.7600,19.8700,20.2500,20.2500,"1,733,100"
2021-12-09,20.9240,21.2000,20.3200,20.3600,20.3600,"1,226,300"
2021-12-08,20.5200,21.0300,20.2200,20.8800,20.8800,"1,209,200"
2021-12-07,19.9700,20.7500,19.8300,20.5100,20.5100,"1,836,300"
2021-12-06,18.7500,19.8500,18.6200,19.4600,19.4600,"3,462,200"
2021-12-03,19.2100,19.3500,17.8150,18.4300,18.4300,"2,813,800"
2021-12-02,18.8000,19.5000,18.6000,19.2300,19.2300,"1,905,500"
2021-12-01,19.2500,19.5200,18.7100,18.7400,18.7400,"2,407,800"
2021-11-30,19.3900,19.4400,18.4300,19.1700,19.1700,"2,756,400"
2021-11-29,20.2000,20.3080,19.1600,19.4200,19.4200,"2,261,100"
2021-11-26,19.8000,20.1450,19.6200,20.0400,20.0400,"856,800"
2021-11-24,20.1900,20.1900,19.3800,20.1400,20.1400,"2,580,700"
2021-11-23,20.6100,20.7500,19.7700,20.3900,20.3900,"3,062,700"
2021-11-22,20.9700,21.0800,19.9000,20.6500,20.6500,"2,807,500"
2021-11-19,21.5600,21.6200,20.7700,20.9000,20.9000,"3,530,100"
2021-11-18,23.0200,23.2800,21.4200,21.4500,21.4500,"7,992,900"
2021-11-17,25.2700,25.2700,24.6500,24.7200,24.7200,"1,997,000"
2021-11-16,24.6400,25.0500,24.5000,25.0300,25.0300,"1,432,700"
2021-11-15,24.0450,24.9400,23.9600,24.6400,24.6400,"3,966,300"
2021-11-12,24.7700,25.5100,24.5600,24.7400,24.7400,"3,513,700"
2021-11-11,24.8500,25.0300,24.4700,24.6000,24.6000,"1,327,700"
2021-11-10,25.2500,25.4300,24.7200,24.8100,24.8100,"1,278,100"
2021-11-09,25.6000,25.8800,25.3700,25.5000,25.5000,"1,726,900"
2021-11-08,25.7700,26.1300,25.3200,25.5900,25.5900,"1,804,500"
2021-11-05,25.8000,26.2100,25.6200,25.6900,25.6900,"1,952,500"
2021-11-04,25.1000,25.9000,25.0500,25.6400,25.6400,"2,158,000"
2021-11-03,24.9500,25.6700,24.6650,25.0400,25.0400,"1,576,500"
2021-11-02,24.4200,25.2300,24.3400,24.8900,24.8900,"1,176,900"
2021-11-01,24.8800,25.2500,24.4800,24.5200,24.5200,"2,543,100"
2021-10-29,24.7100,24.8200,24.4300,24.7300,24.7300,"1,020,200"
2021-10-28,24.4600,25.0000,24.4600,24.7000,24.7000,"1,057,600"
2021-10-27,24.4600,24.9400,24.2150,24.3100,24.3100,"795,700"
2021-10-26,24.7900,24.8100,24.1800,24.4600,24.4600,"1,119,100"
2021-10-25,23.6450,24.7700,23.6450,24.6500,24.6500,"1,792,800"
2021-10-22,23.6900,24.1470,23.3500,23.6800,23.6800,"1,475,400"
2021-10-21,23.3900,23.9600,23.3300,23.7100,23.7100,"827,700"
2021-10-20,23.2800,23.5400,23.1200,23.3000,23.3000,"588,300"
2021-10-19,23.4100,23.4300,22.8150,23.3800,23.3800,"1,664,200"
2021-10-18,22.3900,23.7700,22.2400,23.5000,23.5000,"2,645,900"
2021-10-15,22.7400,22.7900,22.3200,22.3600,22.3600,"1,301,500"
2021-10-14,22.4000,22.6950,22.2900,22.5900,22.5900,"854,200"
2021-10-13,22.2700,22.4000,21.8300,22.3800,22.3800,"475,900"
2021-10-12,21.8200,22.2600,21.8200,22.1600,22.1600,"708,600"
2021-10-11,22.0800,22.2700,21.7800,21.8200,21.8200,"1,122,200"
2021-10-08,22.1000,22.3900,21.8700,22.0800,22.0800,"873,100"
2021-10-07,21.5800,22.0900,21.5500,22.0300,22.0300,"996,200"
2021-10-06,21.2400,21.5500,21.1420,21.4100,21.4100,"598,200"
2021-10-05,21.4500,21.7500,21.1800,21.4000,21.4000,"1,130,400"
2021-10-04,21.5800,21.5800,21.0380,21.3300,21.3300,"860,100"
2021-10-01,21.2500,21.9930,20.9500,21.6100,21.6100,"1,519,400"
2021-09-30,21.6000,21.7630,21.0700,21.1000,21.1000,"1,126,100"
2021-09-29,21.9100,22.1300,21.6700,21.6800,21.6800,"694,500"
2021-09-28,22.2300,22.4600,21.7600,21.7900,21.7900,"1,377,300"
2021-09-27,22.1600,22.5300,22.0200,22.3900,22.3900,"1,102,500"
2021-09-24,22.2400,22.2440,21.7200,22.0800,22.0800,"1,458,700"
2021-09-23,22.3800,22.5100,22.1000,22.2000,22.2000,"825,100"
2021-09-22,22.0370,22.5150,21.4750,22.3900,22.3900,"1,786,500"
2021-09-21,22.3500,22.4800,21.9200,21.9900,21.9900,"1,669,500"
2021-09-20,21.9500,22.3400,21.8500,22.3100,22.3100,"1,435,000"
2021-09-17,22.7800,22.8200,22.2300,22.4800,22.4800,"2,816,200"
2021-09-16,22.4500,22.7900,22.4200,22.7000,22.7000,"1,694,000"
2021-09-15,22.3200,22.5180,22.2700,22.4000,22.4000,"1,619,800"
2021-09-14,22.1700,22.5400,22.0600,22.4300,22.4300,"1,561,200"
2021-09-13,21.9500,22.4500,21.8500,22.2500,22.2500,"1,590,800"
2021-09-10,22.8480,22.8480,21.7200,21.7600,21.7600,"1,245,800"
2021-09-09,21.8620,22.8200,21.8180,22.6000,22.6000,"2,434,400"
2021-09-08,22.8320,22.8580,21.1500,21.9600,21.9600,"3,664,400"
2021-09-07,21.6600,22.0700,21.4650,21.6600,21.6600,"1,252,100"
2021-09-03,21.9600,22.2200,21.6800,21.7200,21.7200,"1,190,000"
2021-09-02,22.1600,22.2300,21.4800,21.9700,21.9700,"1,826,200"
2021-09-01,21.6700,22.4400,21.4300,22.2200,22.2200,"2,384,600"
2021-08-31,21.1600,21.5300,20.8900,21.5300,21.5300,"3,116,800"
2021-08-30,21.6800,21.6800,21.1200,21.1900,21.1900,"846,800"
2021-08-27,21.3300,21.7400,21.3000,21.5300,21.5300,"822,600"
2021-08-26,21.9200,21.9200,20.9900,21.2800,21.2800,"1,560,000"
2021-08-25,21.8300,21.9800,21.5900,21.8600,21.8600,"1,063,600"
2021-08-24,21.0300,22.1300,21.0300,21.6200,21.6200,"2,747,000"
2021-08-23,21.6700,21.7100,20.7300,20.8900,20.8900,"2,411,000"
2021-08-20,20.8170,21.8200,20.5000,21.5400,21.5400,"9,183,100"
2021-08-19,19.0500,20.5800,18.9900,19.9900,19.9900,"4,069,700"
2021-08-18,19.7460,19.8750,19.2100,19.3000,19.3000,"1,834,000"
2021-08-17,20.0000,20.1700,19.5450,19.6800,19.6800,"1,819,300"
2021-08-16,19.6200,20.3700,19.3600,20.2400,20.2400,"1,444,700"
2021-08-13,20.2100,20.4500,19.5100,19.6400,19.6400,"1,774,900"
2021-08-12,20.3600,20.5900,19.8500,20.2500,20.2500,"1,201,000"
2021-08-11,19.7500,20.6000,19.7500,20.3200,20.3200,"1,437,600"
2021-08-10,19.7500,19.9800,19.5300,19.6700,19.6700,"1,358,900"
2021-08-09,19.9400,19.9400,19.5500,19.7200,19.7200,"1,180,300"
2021-08-06,20.1100,20.1800,19.8500,19.9700,19.9700,"871,300"
2021-08-05,19.6600,19.9100,19.6010,19.7400,19.7400,"1,095,100"
2021-08-04,19.2600,20.1800,19.2500,19.7100,19.7100,"2,597,200"
2021-08-03,20.0900,20.1800,19.4500,19.5600,19.5600,"2,455,400"
2021-08-02,20.6200,20.7600,20.1400,20.2300,20.2300,"1,148,900"
2021-07-30,20.5800,21.2300,20.5400,20.6300,20.6300,"1,181,400"
2021-07-29,21.1000,21.2500,20.5000,20.6900,20.6900,"1,724,400"
2021-07-28,20.8300,21.1100,20.4500,21.0300,21.0300,"1,078,500"
2021-07-27,20.8600,20.9100,20.2600,20.6600,20.6600,"808,000"
2021-07-26,20.8300,21.2800,20.5600,20.9300,20.9300,"988,800"
2021-07-23,20.1900,20.9900,20.1900,20.9700,20.9700,"1,158,100"
2021-07-22,20.5000,20.5000,20.1140,20.4300,20.4300,"861,200"
2021-07-21,20.0000,20.6100,19.9500,20.4900,20.4900,"2,285,200"
2021-07-20,19.4100,19.9800,19.2100,19.9800,19.9800,"1,485,100"
2021-07-19,18.8300,19.3300,18.2300,19.2900,19.2900,"2,913,600"
2021-07-16,19.9000,19.9500,18.8400,19.2000,19.2000,"3,622,500"
2021-07-15,20.5800,20.8140,19.7630,19.9200,19.9200,"2,250,700"
2021-07-14,21.1900,21.4700,20.8150,20.8500,20.8500,"1,402,300"
2021-07-13,21.6100,21.7750,21.1200,21.1300,21.1300,"1,434,700"
2021-07-12,21.3100,21.6000,21.0900,21.5800,21.5800,"1,701,200"
2021-07-09,20.7600,21.4950,20.7600,21.4500,21.4500,"1,869,100"
2021-07-08,20.3200,20.7900,20.2500,20.7100,20.7100,"1,769,800"
2021-07-07,20.9900,21.3400,20.7100,21.0500,21.0500,"2,163,300"
2021-07-06,21.5200,21.5450,20.7200,21.2000,21.2000,"2,079,600"
2021-07-02,21.6800,21.6800,21.2400,21.5700,21.5700,"1,858,600"
2021-07-01,22.5100,22.5850,21.1500,21.7600,21.7600,"2,849,400"
2021-06-30,22.2100,22.7800,22.2000,22.4100,22.4100,"1,839,800"
2021-06-29,22.1400,22.8900,21.9700,22.2200,22.2200,"2,539,200"
2021-06-28,22.6150,22.6150,21.8000,22.1400,22.1400,"2,635,000"
2021-06-25,22.1000,22.6000,21.9500,22.5600,22.5600,"3,430,200"
2021-06-24,22.2200,22.3800,21.8800,22.0700,22.0700,"1,538,500"
2021-06-23,21.8600,22.2300,21.5800,22.0700,22.0700,"2,698,900"
2021-06-22,21.9600,22.1500,21.4500,21.8000,21.8000,"2,991,200"
2021-06-21,22.2200,22.4400,21.7600,21.8000,21.8000,"2,648,000"
2021-06-18,22.7100,22.9500,22.2100,22.2700,22.2700,"5,765,200"
2021-06-17,23.0100,23.6100,22.5600,23.0800,23.0800,"4,178,800"
2021-06-16,24.9400,25.0900,22.8100,22.8500,22.8500,"10,222,800"
2021-06-15,25.6540,27.2900,24.8100,25.4100,25.4100,"26,420,400"
2021-06-14,23.8500,28.7300,22.7500,28.0500,28.0500,"42,491,000"
2021-06-11,23.4580,23.8600,23.1900,23.8000,23.8000,"2,033,700"
2021-06-10,24.5900,25.2000,23.2800,23.3700,23.3700,"4,913,100"
2021-06-09,23.8000,24.5000,23.2400,24.0900,24.0900,"5,175,400"
2021-06-08,22.1100,23.7900,22.0300,23.6600,23.6600,"3,989,800"
2021-06-07,22.1500,22.1700,21.7500,22.0300,22.0300,"3,029,300"
2021-06-04,22.0250,22.6000,21.7500,22.0900,22.0900,"3,819,400"
2021-06-03,22.6600,22.8200,21.8600,21.8900,21.8900,"3,534,400"
2021-06-02,22.9730,23.1700,22.4600,22.9000,22.9000,"4,617,500"
2021-06-01,22.8000,23.0390,22.5000,22.7900,22.7900,"3,012,600"
2021-05-28,22.9200,23.2400,22.5000,22.6500,22.6500,"6,220,300"
2021-05-27,24.3450,24.4400,22.6200,22.8000,22.8000,"15,838,900"
2021-05-26,23.8700,24.7000,23.6700,24.5000,24.5000,"1,801,900"
2021-05-25,24.0000,24.4400,23.6000,24.0300,24.0300,"3,499,600"
2021-05-24,24.7700,25.1600,24.3200,24.5800,24.5800,"2,434,100"
2021-05-21,25.6700,25.7600,24.1500,24.7000,24.7000,"2,332,400"
2021-05-20,25.0500,26.7500,23.7600,25.4700,25.4700,"7,060,900"
2021-05-19,24.8900,25.8000,24.6200,25.7400,25.7400,"1,547,500"
2021-05-18,25.7800,26.0000,25.0500,25.1300,25.1300,"938,000"
2021-05-17,24.7000,25.6000,24.4000,25.5950,25.5950,"1,416,300"
2021-05-14,22.8800,24.6800,22.8800,24.6600,24.6600,"1,188,700"
2021-05-13,23.2670,23.7800,22.1900,22.6700,22.6700,"1,181,100"
2021-05-12,24.2600,24.3900,23.1700,23.4300,23.4300,"1,230,500"
2021-05-11,23.5400,24.4400,23.4100,24.4100,24.4100,"1,563,400"
2021-05-10,23.9600,25.2100,23.8900,24.6300,24.6300,"1,719,800"
2021-05-07,23.8800,24.4740,23.6700,23.8200,23.8200,"671,800"
2021-05-06,23.9900,24.2400,23.5700,23.8500,23.8500,"857,500"
2021-05-05,23.7100,24.3100,23.6500,24.1500,24.1500,"971,400"
2021-05-04,23.8000,24.1700,23.0300,24.1700,24.1700,"1,251,200"
2021-05-03,23.7400,24.0800,22.8630,24.0000,24.0000,"1,379,800"
2021-04-30,24.5500,24.7000,23.4900,23.6200,23.6200,"1,771,300"
2021-04-29,24.9500,25.3800,24.6300,24.7600,24.7600,"1,283,900"
2021-04-28,25.0200,25.1100,24.4100,24.6900,24.6900,"774,000"
2021-04-27,24.9500,25.7500,24.7800,25.0800,25.0800,"1,804,300"
2021-04-26,24.6200,25.3400,24.4500,24.6800,24.6800,"1,674,600"
2021-04-23,24.6800,24.8000,24.0700,24.2800,24.2800,"1,770,900"
2021-04-22,23.9100,24.9800,23.6830,24.5900,24.5900,"1,981,300"
2021-04-21,24.0000,25.0600,23.5100,23.7400,23.7400,"2,293,400"
2021-04-20,23.5000,24.2000,23.2600,24.0300,24.0300,"1,918,000"
2021-04-19,22.7500,24.0800,22.6900,23.6350,23.6350,"3,184,200"
2021-04-16,22.3600,22.9500,22.2600,22.7100,22.7100,"1,204,000"
2021-04-15,22.0900,22.7300,21.9850,22.2450,22.2450,"1,221,200"
2021-04-14,21.9800,22.3950,21.9000,21.9400,21.9400,"685,000"
2021-04-13,22.3200,22.3500,21.7000,22.0700,22.0700,"954,400"
2021-04-12,22.1180,22.5100,21.7850,22.3200,22.3200,"1,896,100"
2021-04-09,21.3110,21.9400,21.0800,21.7500,21.7500,"1,103,900"
2021-04-08,21.1200,21.4400,20.7660,21.4100,21.4100,"1,027,900"
2021-04-07,21.2700,21.7400,21.0900,21.1600,21.1600,"797,700"
2021-04-06,21.4100,21.5900,21.3000,21.3700,21.3700,"1,360,500"
2021-04-05,22.0000,22.0400,20.9400,21.3000,21.3000,"1,472,600"
2021-04-01,22.5800,22.6150,21.5700,21.6700,21.6700,"1,639,600"
2021-03-31,22.3600,23.2000,21.9900,22.1600,22.1600,"2,322,400"
2021-03-30,22.0400,22.2590,21.2500,21.8800,21.8800,"1,315,700"
2021-03-29,21.4200,22.8700,21.3300,22.1500,22.1500,"3,364,600"
2021-03-26,21.4000,21.9200,20.7000,20.9900,20.9900,"2,030,700"
2021-03-25,21.1490,21.6600,20.6300,21.2700,21.2700,"2,097,100"
2021-03-24,22.0300,22.6500,21.6100,21.7100,21.7100,"1,969,400"
2021-03-23,22.5440,22.5440,21.7000,22.0050,22.0050,"1,949,800"
2021-03-22,23.5000,23.5250,22.2300,22.4000,22.4000,"1,999,300"
2021-03-19,23.6400,24.4400,22.9200,23.2200,23.2200,"10,179,400"
2021-03-18,24.4800,24.8600,22.3100,22.5300,22.5300,"6,585,800"
2021-03-17,22.5500,23.7150,22.3000,23.4300,23.4300,"1,588,600"
2021-03-16,23.8500,23.9390,22.9600,22.9800,22.9800,"1,465,600"
2021-03-15,23.3400,24.2700,23.2400,23.9100,23.9100,"2,854,200"
2021-03-12,22.0000,23.5600,21.7100,22.7100,22.7100,"1,660,500"
2021-03-11,21.6600,22.6700,21.5300,22.1600,22.1600,"1,221,600"
2021-03-10,21.3300,22.1400,21.1700,21.4900,21.4900,"1,446,000"
2021-03-09,21.3300,21.6900,20.9100,21.0800,21.0800,"1,547,400"
2021-03-08,19.7400,21.1100,19.5100,20.7200,20.7200,"1,892,100"
2021-03-05,19.2020,19.4900,17.8600,19.4600,19.4600,"2,365,600"
2021-03-04,20.2600,20.5900,18.5420,19.0800,19.0800,"2,431,100"
2021-03-03,20.9800,21.0000,20.0000,20.6500,20.6500,"1,675,200"
2021-03-02,20.8400,21.3500,20.6610,20.8000,20.8000,"1,088,800"
2021-03-01,20.4700,21.1000,20.2800,20.9900,20.9900,"1,555,800"
2021-02-26,20.8300,21.1300,19.8100,19.9300,19.9300,"2,092,300"
2021-02-25,21.8500,22.1600,20.6000,21.0300,21.0300,"2,349,100"
2021-02-24,22.5100,22.8400,21.7000,21.8100,21.8100,"1,736,700"
2021-02-23,22.4900,22.9200,20.7300,22.6800,22.6800,"4,444,400"
2021-02-22,23.4900,23.8700,23.1100,23.1600,23.1600,"2,029,000"
2021-02-19,23.8400,23.9000,23.2900,23.5900,23.5900,"2,356,000"
2021-02-18,23.9600,24.3000,23.4000,23.5000,23.5000,"2,087,300"
2021-02-17,24.6000,24.7500,23.6700,23.9600,23.9600,"3,089,900"
2021-02-16,25.8100,26.2400,24.2900,24.8700,24.8700,"4,525,100"
2021-02-12,25.7500,25.9800,25.3900,25.7300,25.7300,"1,593,900"
2021-02-11,26.1300,26.4700,25.5800,25.7500,25.7500,"1,929,000"
2021-02-10,26.7100,26.8000,25.8200,26.1800,26.1800,"1,934,900"
2021-02-09,26.6000,27.6050,26.5000,26.6600,26.6600,"1,373,600"
2021-02-08,26.9000,27.6800,26.6300,26.7400,26.7400,"3,197,500"
2021-02-05,26.1500,26.5900,25.6500,26.3500,26.3500,"1,720,100"
2021-02-04,26.1000,26.5000,25.7000,26.4400,26.4400,"1,686,300"
2021-02-03,26.0400,26.3900,25.8000,26.0100,26.0100,"1,619,300"
2021-02-02,25.8800,27.1000,25.6000,25.6100,25.6100,"2,974,900"
2021-02-01,26.0300,26.1570,25.0500,25.4600,25.4600,"3,284,300"
2021-01-29,26.1800,26.7300,25.8100,26.0300,26.0300,"1,581,300"
2021-01-28,26.5600,27.1600,26.0200,26.1800,26.1800,"1,286,800"
2021-01-27,26.5000,28.4000,26.0100,26.9900,26.9900,"3,816,400"
2021-01-26,26.6700,28.0000,26.5500,27.6000,27.6000,"3,533,900"
2021-01-25,26.2800,27.5400,26.0000,27.0000,27.0000,"3,604,300"
2021-01-22,26.6500,27.0000,25.8200,26.0700,26.0700,"2,528,500"
2021-01-21,25.7000,27.3700,25.7000,27.2400,27.2400,"7,565,900"
2021-01-20,26.7700,26.8000,25.5600,26.0400,26.0400,"4,246,000"
2021-01-19,27.8900,28.1000,25.5100,26.8500,26.8500,"8,406,200"
2021-01-15,29.1400,30.3900,27.1200,27.7100,27.7100,"13,726,000"
2021-01-14,26.0000,31.0800,26.0000,29.4000,29.4000,"52,099,200"
